Workbook

Sheet Summary
A1: Server hardening scripts vs the CIS PDFs Qualys uses
A2: Member-server recommendations only (domain-controller-only items excluded). Counts are live formulas.
A4: CIS benchmark | B4: Script | C4: Level | D4: Items | E4: Covered | F4: Check value | G4: Manual step | H4: Different / Missing | I4: Covered %
A5: Server 2022 v5.1.0 | B5: CIS_Server2022_Hardening.ps1 | C5: L1 | D5: =COUNTIF('Server 2022 v5.1.0'!$B:$B,C5) -> 299 | E5: =COUNTIFS('Server 2022 v5.1.0'!$B:$B,C5,'Server 2022 v5.1.0'!$G:$G,"Covered")+COUNTIFS('Server 2022 v5.1.0'!$B:$B,C5,'Server 2022 v5.1.0'!$G:$G,"Covered (reviewed)") -> 286 | F5: =COUNTIFS('Server 2022 v5.1.0'!$B:$B,C5,'Server 2022 v5.1.0'!$G:$G,"Covered - check value") -> 13 | G5: =COUNTIFS('Server 2022 v5.1.0'!$B:$B,C5,'Server 2022 v5.1.0'!$G:$G,"Manual step") -> 0 | H5: =COUNTIFS('Server 2022 v5.1.0'!$B:$B,C5,'Server 2022 v5.1.0'!$G:$G,"Different value")+COUNTIFS('Server 2022 v5.1.0'!$B:$B,C5,'Server 2022 v5.1.0'!$G:$G,"Missing") -> 0 | I5: =IFERROR((E5+F5)/D5,0) -> 1
A6: Server 2022 v5.1.0 | B6: CIS_Server2022_Hardening.ps1 | C6: L2 | D6: =COUNTIF('Server 2022 v5.1.0'!$B:$B,C6) -> 72 | E6: =COUNTIFS('Server 2022 v5.1.0'!$B:$B,C6,'Server 2022 v5.1.0'!$G:$G,"Covered")+COUNTIFS('Server 2022 v5.1.0'!$B:$B,C6,'Server 2022 v5.1.0'!$G:$G,"Covered (reviewed)") -> 71 | F6: =COUNTIFS('Server 2022 v5.1.0'!$B:$B,C6,'Server 2022 v5.1.0'!$G:$G,"Covered - check value") -> 1 | G6: =COUNTIFS('Server 2022 v5.1.0'!$B:$B,C6,'Server 2022 v5.1.0'!$G:$G,"Manual step") -> 0 | H6: =COUNTIFS('Server 2022 v5.1.0'!$B:$B,C6,'Server 2022 v5.1.0'!$G:$G,"Different value")+COUNTIFS('Server 2022 v5.1.0'!$B:$B,C6,'Server 2022 v5.1.0'!$G:$G,"Missing") -> 0 | I6: =IFERROR((E6+F6)/D6,0) -> 1
A7: Server 2019 v5.0.0 | B7: CIS_Server2019_Hardening.ps1 | C7: L1 | D7: =COUNTIF('Server 2019 v5.0.0'!$B:$B,C7) -> 297 | E7: =COUNTIFS('Server 2019 v5.0.0'!$B:$B,C7,'Server 2019 v5.0.0'!$G:$G,"Covered")+COUNTIFS('Server 2019 v5.0.0'!$B:$B,C7,'Server 2019 v5.0.0'!$G:$G,"Covered (reviewed)") -> 284 | F7: =COUNTIFS('Server 2019 v5.0.0'!$B:$B,C7,'Server 2019 v5.0.0'!$G:$G,"Covered - check value") -> 13 | G7: =COUNTIFS('Server 2019 v5.0.0'!$B:$B,C7,'Server 2019 v5.0.0'!$G:$G,"Manual step") -> 0 | H7: =COUNTIFS('Server 2019 v5.0.0'!$B:$B,C7,'Server 2019 v5.0.0'!$G:$G,"Different value")+COUNTIFS('Server 2019 v5.0.0'!$B:$B,C7,'Server 2019 v5.0.0'!$G:$G,"Missing") -> 0 | I7: =IFERROR((E7+F7)/D7,0) -> 1
A8: Server 2019 v5.0.0 | B8: CIS_Server2019_Hardening.ps1 | C8: L2 | D8: =COUNTIF('Server 2019 v5.0.0'!$B:$B,C8) -> 69 | E8: =COUNTIFS('Server 2019 v5.0.0'!$B:$B,C8,'Server 2019 v5.0.0'!$G:$G,"Covered")+COUNTIFS('Server 2019 v5.0.0'!$B:$B,C8,'Server 2019 v5.0.0'!$G:$G,"Covered (reviewed)") -> 68 | F8: =COUNTIFS('Server 2019 v5.0.0'!$B:$B,C8,'Server 2019 v5.0.0'!$G:$G,"Covered - check value") -> 1 | G8: =COUNTIFS('Server 2019 v5.0.0'!$B:$B,C8,'Server 2019 v5.0.0'!$G:$G,"Manual step") -> 0 | H8: =COUNTIFS('Server 2019 v5.0.0'!$B:$B,C8,'Server 2019 v5.0.0'!$G:$G,"Different value")+COUNTIFS('Server 2019 v5.0.0'!$B:$B,C8,'Server 2019 v5.0.0'!$G:$G,"Missing") -> 0 | I8: =IFERROR((E8+F8)/D8,0) -> 1
A9: Server 2016 v4.0.0 | B9: CIS_Server2016_Hardening.ps1 | C9: L1 | D9: =COUNTIF('Server 2016 v4.0.0'!$B:$B,C9) -> 321 | E9: =COUNTIFS('Server 2016 v4.0.0'!$B:$B,C9,'Server 2016 v4.0.0'!$G:$G,"Covered")+COUNTIFS('Server 2016 v4.0.0'!$B:$B,C9,'Server 2016 v4.0.0'!$G:$G,"Covered (reviewed)") -> 307 | F9: =COUNTIFS('Server 2016 v4.0.0'!$B:$B,C9,'Server 2016 v4.0.0'!$G:$G,"Covered - check value") -> 13 | G9: =COUNTIFS('Server 2016 v4.0.0'!$B:$B,C9,'Server 2016 v4.0.0'!$G:$G,"Manual step") -> 1 | H9: =COUNTIFS('Server 2016 v4.0.0'!$B:$B,C9,'Server 2016 v4.0.0'!$G:$G,"Different value")+COUNTIFS('Server 2016 v4.0.0'!$B:$B,C9,'Server 2016 v4.0.0'!$G:$G,"Missing") -> 0 | I9: =IFERROR((E9+F9)/D9,0) -> 0.99688474
A10: Server 2016 v4.0.0 | B10: CIS_Server2016_Hardening.ps1 | C10: L2 | D10: =COUNTIF('Server 2016 v4.0.0'!$B:$B,C10) -> 67 | E10: =COUNTIFS('Server 2016 v4.0.0'!$B:$B,C10,'Server 2016 v4.0.0'!$G:$G,"Covered")+COUNTIFS('Server 2016 v4.0.0'!$B:$B,C10,'Server 2016 v4.0.0'!$G:$G,"Covered (reviewed)") -> 65 | F10: =COUNTIFS('Server 2016 v4.0.0'!$B:$B,C10,'Server 2016 v4.0.0'!$G:$G,"Covered - check value") -> 2 | G10: =COUNTIFS('Server 2016 v4.0.0'!$B:$B,C10,'Server 2016 v4.0.0'!$G:$G,"Manual step") -> 0 | H10: =COUNTIFS('Server 2016 v4.0.0'!$B:$B,C10,'Server 2016 v4.0.0'!$G:$G,"Different value")+COUNTIFS('Server 2016 v4.0.0'!$B:$B,C10,'Server 2016 v4.0.0'!$G:$G,"Missing") -> 0 | I10: =IFERROR((E10+F10)/D10,0) -> 1
A12: How to read this
A13: • Covered = the script sets exactly what the CIS PDF expects (thresholds such as "or more" / "or fewer" respected).
A14: • Check value = CIS allows a range or an organisation-specific value (logon banner, firewall log path, registry path lists). Confirm the script value fits you.
A15: • Some covered items only apply when you switch them on: LAPS ($ConfigureWindowsLAPS / legacy LAPS client), SMB 3.1.1 minimum and SMB client encryption (off by default), WPAD (on by default). See "Settings added".
A16: • "Compatibility Assurance" switches in the scripts (RDP, Veeam, clipboard, MAPS...) deliberately oppose CIS when set to $true.
A17: • This is a check of what the scripts write, compared with the PDFs. Domain GPOs can override settings - Qualys remains the final check.
A19: Sources
A20: • CIS PDFs supplied by you: Server 2022 v5.1.0, Server 2019 v5.0.0, Server 2016 v4.0.0 (titles, profiles, registry locations and values extracted automatically).
A21: • Base script: community CIS Windows Server 2022 v3.0.0 hardening script, with the fixes and additions listed on "Settings added".

Sheet Server 2022 v5.1.0
A1: CIS ID | B1: Level | C1: CIS recommendation (member server) | D1: CIS type | E1: Registry (from CIS audit) | F1: CIS expected | G1: Status | H1: What the script sets | I1: Script function | J1: Note
A2: 1.1.1 | B2: L1 | C2: Ensure 'Enforce password history' is set to '24 or more password(s)' | D2: Automated | G2: Covered | H2: 1.1.1 (L1) Ensure 'Enforce password history' is set to '24 or more password(s)' (Scored) | I2: EnforcePasswordHistory
A3: 1.1.2 | B3: L1 | C3: Ensure 'Maximum password age' is set to '365 or fewer days, but not 0' | D3: Automated | G3: Covered | H3: 1.1.2 (L1) Ensure 'Maximum password age' is set to '365 or fewer days, but not 0' | I3: MaximumPasswordAge
A4: 1.1.3 | B4: L1 | C4: Ensure 'Minimum password age' is set to '1 or more day(s)' | D4: Automated | G4: Covered | H4: 1.1.3 (L1) Ensure 'Minimum password age' is set to '1 or more day(s)' (Scored) | I4: MinimumPasswordAge
A5: 1.1.4 | B5: L1 | C5: Ensure 'Minimum password length' is set to '14 or more character(s)' | D5: Automated | G5: Covered | H5: 1.1.4 (L1) Ensure 'Minimum password length' is set to '14 or more character(s)' (Scored) | I5: MinimumPasswordLength
A6: 1.1.5 | B6: L1 | C6: Ensure 'Password must meet complexity requirements' is set to 'Enabled' | D6: Automated | G6: Covered | H6: 1.1.5 (L1) Ensure 'Password must meet complexity requirements' is set to 'Enabled' (Scored) | I6: WindowsPasswordComplexityPolicyMustBeEnabled
A7: 1.1.6 | B7: L1 | C7: Ensure 'Relax minimum password length limits' is set to 'Enabled' | D7: Automated | E7: HKLM\System\CurrentControlSet\Control\SAM:RelaxMinimumPasswordLengthLimits | F7: REG_DWORD 1 | G7: Covered | H7: 1 | I7: RelaxMinPasswordLength
A8: 1.1.7 | B8: L1 | C8: Ensure 'Store passwords using reversible encryption' is set to 'Disabled' | D8: Automated | G8: Covered | H8: 1.1.7 (L1) Ensure 'Store passwords using reversible encryption' is set to 'Disabled' (Scored) | I8: DisablePasswordReversibleEncryption
A9: 1.2.1 | B9: L1 | C9: Ensure 'Account lockout duration' is set to '15 or more minute(s)' | D9: Automated | G9: Covered | H9: 1.2.1 (L1) Ensure 'Account lockout duration' is set to '15 or more minute(s)' (Scored) | I9: AccountLockoutDuration
A10: 1.2.2 | B10: L1 | C10: Ensure 'Account lockout threshold' is set to '5 or fewer invalid logon attempt(s), but not 0' | D10: Automated | G10: Covered | H10: 1.2.2 (L1) Ensure 'Account lockout threshold' is set to '5 or fewer invalid logon attempt(s), but not 0' (Scored) | I10: AccountLockoutThreshold
A11: 1.2.3 | B11: L1 | C11: Ensure 'Allow Administrator account lockout' is set to 'Enabled' (MS only) | D11: Manual | G11: Covered | H11: 1.2.3 (L1) Ensure 'Allow Administrator account lockout' is set to 'Enabled' (MS only) | I11: AllowBuiltInAdminAccountLockout
A12: 1.2.4 | B12: L1 | C12: Ensure 'Reset account lockout counter after' is set to '15 or more minute(s)' | D12: Automated | G12: Covered | H12: 1.2.4 (L1) Ensure 'Reset account lockout counter after' is set to '15 or more minute(s)' (Scored) | I12: ResetAccountLockoutCounter
A13: 2.2.1 | B13: L1 | C13: Ensure 'Access Credential Manager as a trusted caller' is set to 'No One' | D13: Automated | G13: Covered | H13: 2.2.1 (L1) Ensure 'Access Credential Manager as a trusted caller' is set to 'No One' (Scored) | I13: NoOneTrustCallerACM
A14: 2.2.3 | B14: L1 | C14: Ensure 'Access this computer from the network' is set to 'Administrators, Authenticated Users' (MS only) | D14: Automated | G14: Covered | H14: 2.2.3 (L1) Ensure 'Access this computer from the network' is set to 'Administrators, Authenticated Users | I14: AccessComputerFromNetwork
A15: 2.2.4 | B15: L1 | C15: Ensure 'Act as part of the operating system' is set to 'No One' | D15: Automated | G15: Covered | H15: 2.2.4 (L1) Ensure 'Act as part of the operating system' is set to 'No One' (Scored) | I15: NoOneActAsPartOfOperatingSystem
A16: 2.2.6 | B16: L1 | C16: Ensure 'Adjust memory quotas for a process' is set to 'Administrators, LOCAL SERVICE, NETWORK SERVICE' | D16: Automated | G16: Covered | H16: 2.2.6 (L1) Ensure 'Adjust memory quotas for a process' is set to 'Administrators, LOCAL SERVICE, NETWORK SERVICE' | I16: AdjustMemoryQuotasForProcess
A17: 2.2.8 | B17: L1 | C17: Ensure 'Allow log on locally' is set to 'Administrators' (MS only) | D17: Automated | G17: Covered | H17: 2.2.8 (L1) Ensure 'Allow log on locally' is set to 'Administrators' | I17: AllowLogonLocallyToAdministrators
A18: 2.2.10 | B18: L1 | C18: Ensure 'Allow log on through Remote Desktop Services' is set to 'Administrators, Remote Desktop Users' (MS only) | D18: Automated | G18: Covered | H18: 2.2.10 (L1) Ensure 'Allow log on through Remote Desktop Services' is set to 'Administrators, Remote Desktop Users' | I18: LogonThroughRemoteDesktopServices
A19: 2.2.11 | B19: L1 | C19: Ensure 'Back up files and directories' is set to 'Administrators' | D19: Automated | G19: Covered | H19: 2.2.11 (L1) Ensure 'Back up files and directories' is set to 'Administrators' | I19: BackupFilesAndDirectories
... A34: 2.2.30 | B34: L1 | C34: Ensure 'Generate security audits' is set to 'LOCAL SERVICE, NETWORK SERVICE' | D34: Automated | G34: Covered | H34: 2.2.31 (L1) Ensure 'Generate security audits' is set to 'LOCAL SERVICE, NETWORK SERVICE' (Scored) | I34: GenerateSecurityAudits
A35: 2.2.32 | B35: L1 | C35: Ensure 'Impersonate a client after authentication' is set to 'Administrators, LOCAL SERVICE, NETWORK SERVICE, SERVICE' (MS only) | D35: Automated | G35: Covered (reviewed) | H35: 2.2.33 (L1) Ensure 'Impersonate a client after authentication' is set to 'Administrators, LOCAL SERVICE, NETWORK SERVICE, SERVICE, IIS_IUSRS' | I35: ImpersonateClientAfterAuthentication | J35: Script title mentions IIS_IUSRS but it sets exactly Administrators, LOCAL SERVICE, NETWORK SERVICE, SERVICE.
A36: 2.2.33 | B36: L1 | C36: Ensure 'Increase scheduling priority' is set to 'Administrators, Window Manager\Window Manager Group' | D36: Automated | G36: Covered | H36: 2.2.34 (L1) Ensure 'Increase scheduling priority' is set to 'Administrators, Window Manager\Window Manager Group' | I36: IncreaseSchedulingPriority
A37: 2.2.34 | B37: L1 | C37: Ensure 'Load and unload device drivers' is set to 'Administrators' | D37: Automated | G37: Covered | H37: 2.2.35 (L1) Ensure 'Load and unload device drivers' is set to 'Administrators' | I37: LoadUnloadDeviceDrivers
A38: 2.2.35 | B38: L1 | C38: Ensure 'Lock pages in memory' is set to 'No One' | D38: Automated | G38: Covered | H38: 2.2.36 (L1) Ensure 'Lock pages in memory' is set to 'No One' | I38: NoOneLockPagesInMemory
A39: 2.2.38 | B39: L1 | C39: Ensure 'Manage auditing and security log' is set to 'Administrators' (MS only) | D39: Automated | G39: Covered | H39: 2.2.39 (L1) Ensure 'Manage auditing and security log' is set to 'Administrators' | I39: ManageAuditingAndSecurity
A40: 2.2.39 | B40: L1 | C40: Ensure 'Modify an object label' is set to 'No One' | D40: Automated | G40: Covered | H40: 2.2.40 (L1) Ensure 'Modify an object label' is set to 'No One' | I40: NoOneModifiesObjectLabel
A41: 2.2.40 | B41: L1 | C41: Ensure 'Modify firmware environment values' is set to 'Administrators' | D41: Automated | G41: Covered | H41: 2.2.41 (L1) Ensure 'Modify firmware environment values' is set to 'Administrators' | I41: FirmwareEnvValues
A42: 2.2.41 | B42: L1 | C42: Ensure 'Perform volume maintenance tasks' is set to 'Administrators' | D42: Automated | G42: Covered | H42: 2.2.42 (L1) Ensure 'Perform volume maintenance tasks' is set to 'Administrators' | I42: VolumeMaintenance
A43: 2.2.42 | B43: L1 | C43: Ensure 'Profile single process' is set to 'Administrators' | D43: Automated | G43: Covered | H43: 2.2.43 (L1) Ensure 'Profile single process' is set to 'Administrators' | I43: ProfileSingleProcess
A44: 2.2.43 | B44: L1 | C44: Ensure 'Profile system performance' is set to 'Administrators, NT SERVICE\WdiServiceHost' | D44: Automated | G44: Covered | H44: 2.2.44 (L1) Ensure 'Profile system performance' is set to 'Administrators,NT SERVICE\WdiServiceHost' | I44: ProfileSystemPerformance
A45: 2.2.44 | B45: L1 | C45: Ensure 'Replace a process level token' is set to 'LOCAL SERVICE, NETWORK SERVICE' | D45: Automated | G45: Covered | H45: 2.2.45 (L1) Ensure 'Replace a process level token' is set to 'LOCAL SERVICE, NETWORK SERVICE' | I45: ReplaceProcessLevelToken
A46: 2.2.45 | B46: L1 | C46: Ensure 'Restore files and directories' is set to 'Administrators' | D46: Automated | G46: Covered | H46: 2.2.46 (L1) Ensure 'Restore files and directories' is set to 'Administrators' | I46: RestoreFilesDirectories
A47: 2.2.46 | B47: L1 | C47: Ensure 'Shut down the system' is set to 'Administrators' | D47: Automated | G47: Covered | H47: 2.2.47 (L1) Ensure 'Shut down the system' is set to 'Administrators' | I47: SystemShutDown
... A49: 2.3.1.1 | B49: L1 | C49: Ensure 'Accounts: Guest account status' is set to 'Disabled' (MS only) | D49: Automated | G49: Covered | H49: 2.3.1.2 (L1) Ensure 'Accounts: Guest account status' is set to 'Disabled' | I49: DisableGuestAccount
A50: 2.3.1.2 | B50: L1 | C50: Ensure 'Accounts: Limit local account use of blank passwords to console logon only' is set to 'Enabled' | D50: Automated | E50: HKLM\SYSTEM\CurrentControlSet\Control\Lsa:LimitBlankPasswordUse | F50: REG_DWORD 1 | G50: Covered | H50: 1 | I50: LimitBlankPasswordConsole
A51: 2.3.1.3 | B51: L1 | C51: Configure 'Accounts: Rename administrator account' | D51: Automated | G51: Covered | H51: 2.3.1.4 (L1) Configure 'Accounts: Rename administrator account' | I51: RenameAdministratorAccount
A52: 2.3.1.4 | B52: L1 | C52: Configure 'Accounts: Rename guest account' | D52: Automated | G52: Covered | H52: 2.3.1.5 (L1) Configure 'Accounts: Rename guest account' | I52: RenameGuestAccount
A53: 2.3.2.1 | B53: L1 | C53: Ensure 'Audit: Force audit policy subcategory settings (Windows Vista or later) to override audit policy category settings' is set to 'Enabled' | D53: Automated | E53: HKLM\SYSTEM\CurrentControlSet\Control\Lsa:SCENoApplyLegacyAuditPolicy | F53: REG_DWORD 1 | G53: Covered | H53: 1 | I53: AuditForceSubCategoryPolicy
A54: 2.3.2.2 | B54: L1 | C54: Ensure 'Audit: Shut down system immediately if unable to log security audits' is set to 'Disabled' | D54: Automated | E54: HKLM\SYSTEM\CurrentControlSet\Control\Lsa:CrashOnAuditFail | F54: REG_DWORD 0 | G54: Covered | H54: 0 | I54: AuditForceShutdown
A55: 2.3.4.1 | B55: L1 | C55: Ensure 'Devices: Prevent users from installing printer drivers' is set to 'Enabled' | D55: Automated | E55: HKLM\SYSTEM\CurrentControlSet\Control\Print\Providers\LanMan Print Services\Servers:AddPrinterDrivers | F55: REG_DWORD 1 | G55: Covered | H55: 1 | I55: PreventPrinterInstallation
A56: 2.3.6.1 | B56: L1 | C56: Ensure 'Domain member: Digitally encrypt or sign secure channel data (always)' is set to 'Enabled' | D56: Automated | E56: HKLM\SYSTEM\CurrentControlSet\Services\Netlogon\Parameters:RequireSignOrSeal | F56: REG_DWORD 1 | G56: Covered | H56: 1 | I56: SignEncryptAllChannelData
A57: 2.3.6.2 | B57: L1 | C57: Ensure 'Domain member: Digitally encrypt secure channel data (when possible)' is set to 'Enabled' | D57: Automated | E57: HKLM\SYSTEM\CurrentControlSet\Services\Netlogon\Parameters:SealSecureChannel | F57: REG_DWORD 1 | G57: Covered | H57: 1 | I57: SecureChannelWhenPossible
A58: 2.3.6.3 | B58: L1 | C58: Ensure 'Domain member: Digitally sign secure channel data (when possible)' is set to 'Enabled' | D58: Automated | E58: HKLM\SYSTEM\CurrentControlSet\Services\Netlogon\Parameters:SignSecureChannel | F58: REG_DWORD 1 | G58: Covered | H58: 1 | I58: DigitallySignChannelWhenPossible
A59: 2.3.6.4 | B59: L1 | C59: Ensure 'Domain member: Disable machine account password changes' is set to 'Disabled' | D59: Automated | E59: HKLM\SYSTEM\CurrentControlSet\Services\Netlogon\Parameters:DisablePasswordChange | F59: REG_DWORD 0 | G59: Covered | H59: 0 | I59: EnableAccountPasswordChanges
A60: 2.3.6.5 | B60: L1 | C60: Ensure 'Domain member: Maximum machine account password age' is set to '30 or fewer days, but not 0' | D60: Automated | E60: HKLM\System\CurrentControlSet\Services\Netlogon\Parameters:MaximumPasswordAge | F60: REG_DWORD 30 or less, but not 0 | G60: Covered | H60: 30 | I60: MaximumAccountPasswordAge
A61: 2.3.6.6 | B61: L1 | C61: Ensure 'Domain member: Require strong (Windows 2000 or later) session key' is set to 'Enabled' | D61: Automated | E61: HKLM\SYSTEM\CurrentControlSet\Services\Netlogon\Parameters:RequireStrongKey | F61: REG_DWORD 1 | G61: Covered | H61: 1 | I61: RequireStrongSessionKey
A62: 2.3.7.1 | B62: L2 | C62: Ensure 'Interactive logon: Do not require CTRL+ALT+DEL' is set to 'Disabled' | D62: Automated | E62: HKLM\SOFTWARE\Microsoft\Windows\CurrentVersion\Policies\System:DisableCAD | F62: REG_DWORD 0 | G62: Covered | H62: 0 | I62: RequireCtlAltDel
A63: 2.3.7.2 | B63: L1 | C63: Ensure 'Interactive logon: Don't display last signed-in' is set to 'Enabled' | D63: Automated | E63: HKLM\SOFTWARE\Microsoft\Windows\CurrentVersion\Policies\System:DontDisplayLastUserName | F63: REG_DWORD 1 | G63: Covered | H63: 1 | I63: DontDisplayLastSigned
A64: 2.3.7.3 | B64: L1 | C64: Ensure 'Interactive logon: Machine inactivity limit' is set to '900 or fewer second(s), but not 0' | D64: Automated | E64: HKLM\SOFTWARE\Microsoft\Windows\CurrentVersion\Policies\System:InactivityTimeoutSecs | F64: REG_DWORD 900 or less, but not 0 | G64: Covered | H64: 900 | I64: MachineInactivityLimit
A65: 2.3.7.4 | B65: L1 | C65: Configure 'Interactive logon: Message text for users attempting to log on' | D65: Automated | E65: HKLM\SOFTWARE\Microsoft\Windows\CurrentVersion\Policies\System:LegalNoticeText | F65: REG_SZ text | G65: Covered - check value | H65: / 7 | I65: LogonLegalNotice | J65: Set your own logon banner text at the top of the script ($LogonLegalNoticeMessage).
A66: 2.3.7.5 | B66: L1 | C66: Configure 'Interactive logon: Message title for users attempting to log on' | D66: Automated | E66: HKLM\SOFTWARE\Microsoft\Windows\CurrentVersion\Policies\System:LegalNoticeCaption | F66: REG_SZ text | G66: Covered - check value | H66: $($logonlegalnoticemessagetitle) | I66: LogonLegalNoticeTitle | J66: Set your own logon banner title at the top of the script ($LogonLegalNoticeMessageTitle).
A67: 2.3.7.6 | B67: L2 | C67: Ensure 'Interactive logon: Number of previous logons to cache (in case domain controller is not available)' is set to '4 or fewer logon(s)' (MS only) | D67: Automated | E67: HKLM\SOFTWARE\Microsoft\Windows NT\CurrentVersion\Winlogon:CachedLogonsCount | G67: Covered - check value | H67: 4 | I67: PreviousLogonCache | J67: CIS allows a range or organisation-specific value; script value shown - confirm it fits.
A68: 2.3.7.7 | B68: L1 | C68: Ensure 'Interactive logon: Prompt user to change password before expiration' is set to 'between 5 and 14 days' | D68: Automated | E68: HKLM\SOFTWARE\Microsoft\Windows NT\CurrentVersion\Winlogon:PasswordExpiryWarning | G68: Covered - check value | H68: 5 | I68: PromptUserPassExpiration | J68: CIS allows a range or organisation-specific value; script value shown - confirm it fits.
A69: 2.3.7.8 | B69: L1 | C69: Ensure 'Interactive logon: Require Domain Controller Authentication to unlock workstation' is set to 'Enabled' (MS only) | D69: Automated | E69: HKLM\SOFTWARE\Microsoft\Windows NT\CurrentVersion\Winlogon:ForceUnlockLogon | F69: REG_DWORD 1 | G69: Covered | H69: 1 | I69: RequireDomainControllerAuth
A70: 2.3.7.9 | B70: L1 | C70: Ensure 'Interactive logon: Smart card removal behavior' is set to 'Lock Workstation' or higher | D70: Automated | E70: HKLM\SOFTWARE\Microsoft\Windows NT\CurrentVersion\Winlogon:ScRemoveOption | F70: REG_SZ 1, 2, or 3 | G70: Covered | H70: 1 | I70: SmartCardRemovalBehaviour
A71: 2.3.8.1 | B71: L1 | C71: Ensure 'Microsoft network client: Digitally sign communications (always)' is set to 'Enabled' | D71: Automated | E71: HKLM\SYSTEM\CurrentControlSet\Services\LanmanWorkstation\Parameters:RequireSecuritySignature | F71: REG_DWORD 1 | G71: Covered | H71: 1 | I71: NetworkClientSignCommunications
A72: 2.3.8.2 | B72: L1 | C72: Ensure 'Microsoft network client: Send unencrypted password to third-party SMB servers' is set to 'Disabled' | D72: Automated | E72: HKLM\SYSTEM\CurrentControlSet\Services\LanmanWorkstation\Parameters:EnablePlainTextPassword | F72: REG_DWORD 0 | G72: Covered | H72: 0 | I72: DisableSmbUnencryptedPassword
A73: 2.3.9.1 | B73: L1 | C73: Ensure 'Microsoft network server: Amount of idle time required before suspending session' is set to '15 or fewer minute(s)' | D73: Automated | E73: HKLM\SYSTEM\CurrentControlSet\Services\LanManServer\Parameters:AutoDisconnect | F73: REG_DWORD 15 or less | G73: Covered | H73: 15 | I73: IdleTimeSuspendingSession
A74: 2.3.9.2 | B74: L1 | C74: Ensure 'Microsoft network server: Digitally sign communications (always)' is set to 'Enabled' | D74: Automated | E74: HKLM\SYSTEM\CurrentControlSet\Services\LanManServer\Parameters:RequireSecuritySignature | F74: REG_DWORD 1 | G74: Covered | H74: 1 | I74: NetworkServerAlwaysDigitallySign
A75: 2.3.9.3 | B75: L1 | C75: Ensure 'Microsoft network server: Disconnect clients when logon hours expire' is set to 'Enabled' | D75: Automated | E75: HKLM\SYSTEM\CurrentControlSet\Services\LanManServer\Parameters:enableforcedlogoff | F75: REG_DWORD 1 | G75: Covered | H75: 1 | I75: LanManServerEnableForcedLogOff
A76: 2.3.9.4 | B76: L1 | C76: Ensure 'Microsoft network server: Server SPN target name validation level' is set to 'Accept if provided by client' or higher (MS only) | D76: Automated | E76: HKLM\SYSTEM\CurrentControlSet\Services\LanManServer\Parameters:SMBServerNameHardeningLevel | F76: REG_DWORD 1 or 2 | G76: Covered | H76: 0 / 1 | I76: LanManServerSmbServerNameHardeningLevel
A77: 2.3.10.1 | B77: L1 | C77: Ensure 'Network access: Allow anonymous SID/Name translation' is set to 'Disabled' | D77: Automated | G77: Covered | H77: 2.3.10.1 (L1) Ensure 'Network access: Allow anonymous SID/Name translation' is set to 'Disabled' | I77: LSAAnonymousNameDisabled
A78: 2.3.10.2 | B78: L1 | C78: Ensure 'Network access: Do not allow anonymous enumeration of SAM accounts' is set to 'Enabled' (MS only) | D78: Automated | E78: HKLM\SYSTEM\CurrentControlSet\Control\Lsa:RestrictAnonymousSAM | F78: REG_DWORD 1 | G78: Covered | H78: 1 | I78: RestrictAnonymousSAM
A79: 2.3.10.3 | B79: L1 | C79: Ensure 'Network access: Do not allow anonymous enumeration of SAM accounts and shares' is set to 'Enabled' (MS only) | D79: Automated | E79: HKLM\SYSTEM\CurrentControlSet\Control\Lsa:RestrictAnonymous | F79: REG_DWORD 1 | G79: Covered | H79: 1 | I79: RestrictAnonymous
A80: 2.3.10.4 | B80: L2 | C80: Ensure 'Network access: Do not allow storage of passwords and credentials for network authentication' is set to 'Enabled' | D80: Automated | E80: HKLM\SYSTEM\CurrentControlSet\Control\Lsa:DisableDomainCreds | F80: REG_DWORD 1 | G80: Covered | H80: 0 / 1 | I80: DisableDomainCreds
A81: 2.3.10.5 | B81: L1 | C81: Ensure 'Network access: Let Everyone permissions apply to anonymous users' is set to 'Disabled' | D81: Automated | E81: HKLM\SYSTEM\CurrentControlSet\Control\Lsa:EveryoneIncludesAnonymous | F81: REG_DWORD 0 | G81: Covered | H81: 0 | I81: EveryoneIncludesAnonymous
A82: 2.3.10.7 | B82: L1 | C82: Ensure 'Network access: Named Pipes that can be accessed anonymously' is configured (MS only) | D82: Automated | E82: HKLM\SYSTEM\CurrentControlSet\Services\LanManServer\Parameters:NullSessionPipes | F82: REG_MULTI_SZ blank (i.e | G82: Covered - check value | I82: NullSessionPipes | J82: CIS allows a range or organisation-specific value; script value shown - confirm it fits.
A83: 2.3.10.8 | B83: L1 | C83: Ensure 'Network access: Remotely accessible registry paths' is configured | D83: Automated | E83: HKLM\SYSTEM\CurrentControlSet\Control\SecurePipeServers\Winreg\ AllowedExactPaths:Machine | F83: REG_MULTI_SZ System\CurrentControlSet\Control\ProductOptions,System\CurrentControlS | G83: Covered - check value | H83: system\currentcontrolset\control\productoptions;system\currentcontrolset\control\server applications;software\microsoft\windows nt\currentversion | I83: AllowedExactPaths | J83: CIS allows a range or organisation-specific value; script value shown - confirm it fits.
A84: 2.3.10.9 | B84: L1 | C84: Ensure 'Network access: Remotely accessible registry paths and sub-paths' is configured | D84: Automated | E84: HKLM\SYSTEM\CurrentControlSet\Control\SecurePipeServers\Winreg\ AllowedPaths:Machine | F84: REG_MULTI_SZ System\CurrentControlSet\Control\Print\Printers,System\CurrentControlS | G84: Covered - check value | H84: system\currentcontrolset\control\print\printers;system\currentcontrolset\services\eventlog;software\microsoft\olap server;software\microsoft\windows nt\currentversion\print;software\microsoft\windows nt\currentversion\windows;system\currentcontrolset\control\contentindex;system\currentcontrolset\control\terminal server;system\currentcontrolset\control\terminal server\userconfig;system\currentcontrolset\control\terminal server\defaultuserconfiguration;software\microsoft\windows nt\currentversion\perflib;system\currentcontrolset\services\sysmonlog | I84: AllowedPaths | J84: CIS allows a range or organisation-specific value; script value shown - confirm it fits.
A85: 2.3.10.10 | B85: L1 | C85: Ensure 'Network access: Restrict anonymous access to Named Pipes and Shares' is set to 'Enabled' | D85: Automated | E85: HKLM\SYSTEM\CurrentControlSet\Services\LanManServer\Parameters:RestrictNullSessAccess | F85: REG_DWORD 1 | G85: Covered | H85: 1 | I85: RestrictNullSessAccess
A86: 2.3.10.11 | B86: L1 | C86: Ensure 'Network access: Restrict clients allowed to make remote calls to SAM' is set to 'Administrators: Remote Access: Allow' (MS only) | D86: Automated | E86: HKLM\SYSTEM\CurrentControlSet\Control\Lsa:restrictremotesam | F86: REG_SZ O:BAG:BAD:(A;;RC;;;BA) | G86: Covered - check value | H86: o:bag:bad:(a;;rc;;;ba) | I86: RestrictRemoteSAM | J86: CIS allows a range or organisation-specific value; script value shown - confirm it fits.
A87: 2.3.10.12 | B87: L1 | C87: Ensure 'Network access: Shares that can be accessed anonymously' is set to 'None' | D87: Automated | E87: HKLM\SYSTEM\CurrentControlSet\Services\LanManServer\Parameters:NullSessionShares | G87: Covered - check value | I87: NullSessionShares | J87: CIS allows a range or organisation-specific value; script value shown - confirm it fits.
A88: 2.3.10.13 | B88: L1 | C88: Ensure 'Network access: Sharing and security model for local accounts' is set to 'Classic - local users authenticate as themselves' | D88: Automated | E88: HKLM\SYSTEM\CurrentControlSet\Control\Lsa:ForceGuest | F88: REG_DWORD 0 | G88: Covered | H88: 0 | I88: LsaForceGuest
A89: 2.3.11.1 | B89: L1 | C89: Ensure 'Network security: Allow Local System to use computer identity for NTLM' is set to 'Enabled' | D89: Automated | E89: HKLM\SYSTEM\CurrentControlSet\Control\Lsa:UseMachineId | F89: REG_DWORD 1 | G89: Covered | H89: 1 | I89: LsaUseMachineId
A90: 2.3.11.2 | B90: L1 | C90: Ensure 'Network security: Allow LocalSystem NULL session fallback' is set to 'Disabled' | D90: Automated | E90: HKLM\SYSTEM\CurrentControlSet\Control\Lsa\MSV1_0:AllowNullSessionFallback | F90: REG_DWORD 0 | G90: Covered | H90: 0 | I90: AllowNullSessionFallback
A91: 2.3.11.3 | B91: L1 | C91: Ensure 'Network Security: Allow PKU2U authentication requests to this computer to use online identities' is set to 'Disabled' | D91: Automated | E91: HKLM\SYSTEM\CurrentControlSet\Control\Lsa\pku2u:AllowOnlineID | F91: REG_DWORD 0 | G91: Covered | H91: 0 | I91: AllowOnlineID
A92: 2.3.11.4 | B92: L1 | C92: Ensure 'Network security: Configure encryption types allowed for Kerberos' is set to 'AES128_HMAC_SHA1, AES256_HMAC_SHA1, Future encryption types' | D92: Automated | E92: HKLM\SOFTWARE\Microsoft\Windows\CurrentVersion\Policies\System\ Kerberos\Parameters:SupportedEncryptionTypes | F92: REG_DWORD 2147483640 | G92: Covered | H92: 2147483640 | I92: SupportedEncryptionTypes
A93: 2.3.11.5 | B93: L1 | C93: Ensure 'Network security: Do not store LAN Manager hash value on next password change' is set to 'Enabled' | D93: Automated | E93: HKLM\SYSTEM\CurrentControlSet\Control\Lsa:NoLMHash | F93: REG_DWORD 1 | G93: Covered | H93: 1 | I93: NoLMHash
A94: 2.3.11.6 | B94: L1 | C94: Ensure 'Network security: Force logoff when logon hours expire' is set to 'Enabled' | D94: Manual | G94: Covered | H94: 2.3.11.6 Ensure 'Network security: Force logoff when logon hours expire' is set to 'Enabled' | I94: ForceLogoff
A95: 2.3.11.7 | B95: L1 | C95: Ensure 'Network security: LAN Manager authentication level' is set to 'Send NTLMv2 response only. Refuse LM & NTLM' | D95: Automated | E95: HKLM\SYSTEM\CurrentControlSet\Control\Lsa:LmCompatibilityLevel | F95: REG_DWORD 5 | G95: Covered | H95: 5 | I95: LmCompatibilityLevel
A96: 2.3.11.8 | B96: L1 | C96: Ensure 'Network security: LDAP client signing requirements' is set to 'Negotiate signing' or higher | D96: Automated | E96: HKLM\SYSTEM\CurrentControlSet\Services\LDAP:LDAPClientIntegrity | F96: REG_DWORD 1 or 2 | G96: Covered | H96: 1 | I96: LDAPClientIntegrity
A97: 2.3.11.9 | B97: L1 | C97: Ensure 'Network security: Minimum session security for NTLM SSP based (including secure RPC) clients' is set to 'Require NTLMv2 session security, Require 128-bit encryption' | D97: Automated | E97: HKLM\SYSTEM\CurrentControlSet\Control\Lsa\MSV1_0:NTLMMinClientSec | F97: REG_DWORD 537395200 | G97: Covered | H97: 537395200 | I97: NTLMMinClientSec
A98: 2.3.11.10 | B98: L1 | C98: Ensure 'Network security: Minimum session security for NTLM SSP based (including secure RPC) servers' is set to 'Require NTLMv2 session security, Require 128-bit encryption' | D98: Automated | E98: HKLM\SYSTEM\CurrentControlSet\Control\Lsa\MSV1_0:NTLMMinServerSec | F98: REG_DWORD 537395200 | G98: Covered | H98: 537395200 | I98: NTLMMinServerSec
A99: 2.3.11.11 | B99: L1 | C99: Ensure 'Network security: Restrict NTLM: Audit Incoming NTLM Traffic' is set to 'Enable auditing for all accounts' | D99: Automated | E99: HKLM\SYSTEM\CurrentControlSet\Control\Lsa\MSV1_0:AuditReceivingNTLMTraffic | F99: REG_DWORD 2 | G99: Covered | H99: 2 | I99: NTLMEnableIncomingAuditingForAllAccounts
A100: 2.3.11.13 | B100: L1 | C100: Ensure 'Network security: Restrict NTLM: Outgoing NTLM traffic to remote servers' is set to 'Audit all' or higher | D100: Automated | E100: HKLM\SYSTEM\CurrentControlSet\Control\Lsa\MSV1_0:RestrictSendingNTLMTraffic | F100: REG_DWORD 1 or 2 | G100: Covered | H100: 1 | I100: NTLMEnableOutgoingAuditingForAllAccounts
A101: 2.3.13.1 | B101: L1 | C101: Ensure 'Shutdown: Allow system to be shut down without having to log on' is set to 'Disabled' | D101: Automated | E101: HKLM\SOFTWARE\Microsoft\Windows\CurrentVersion\Policies\System:ShutdownWithoutLogon | F101: REG_DWORD 0 | G101: Covered | H101: 0 | I101: ShutdownWithoutLogon
A102: 2.3.15.1 | B102: L1 | C102: Ensure 'System objects: Require case insensitivity for non-Windows subsystems' is set to 'Enabled' | D102: Automated | E102: HKLM\SYSTEM\CurrentControlSet\Control\Session Manager\Kernel:ObCaseInsensitive | F102: REG_DWORD 1 | G102: Covered | H102: 1 | I102: ObCaseInsensitive
A103: 2.3.15.2 | B103: L1 | C103: Ensure 'System objects: Strengthen default permissions of internal system objects (e.g. Symbolic Links)' is set to 'Enabled' | D103: Automated | E103: HKLM\SYSTEM\CurrentControlSet\Control\Session Manager:ProtectionMode | F103: REG_DWORD 1 | G103: Covered | H103: 1 | I103: SessionManagerProtectionMode
A104: 2.3.17.1 | B104: L1 | C104: Ensure 'User Account Control: Admin Approval Mode for the Built-in Administrator account' is set to 'Enabled' | D104: Automated | E104: HKLM\SOFTWARE\Microsoft\Windows\CurrentVersion\Policies\System:FilterAdministratorToken | F104: REG_DWORD 1 | G104: Covered | H104: 1 | I104: FilterAdministratorToken
A105: 2.3.17.2 | B105: L1 | C105: Ensure 'User Account Control: Behavior of the elevation prompt for administrators in Admin Approval Mode' is set to 'Prompt for consent on the secure desktop' or higher | D105: Automated | E105: HKLM\SOFTWARE\Microsoft\Windows\CurrentVersion\Policies\System:ConsentPromptBehaviorAdmin | F105: REG_DWORD 1 or2 | G105: Covered | H105: 2 | I105: ConsentPromptBehaviorAdmin
A106: 2.3.17.3 | B106: L1 | C106: Ensure 'User Account Control: Behavior of the elevation prompt for standard users' is set to 'Automatically deny elevation requests' | D106: Automated | E106: HKLM\SOFTWARE\Microsoft\Windows\CurrentVersion\Policies\System:ConsentPromptBehaviorUser | F106: REG_DWORD 0 | G106: Covered | H106: 0 | I106: ConsentPromptBehaviorUser
... A115: 9.1.3 | B115: L1 | C115: Ensure 'Windows Firewall: Domain: Settings: Display a notification' is set to 'No' | D115: Automated | E115: HKLM\SOFTWARE\Policies\Microsoft\WindowsFirewall\DomainProfile:DisableNotifications | F115: REG_DWORD 1 | G115: Covered | H115: 1 | I115: DomainDisableNotifications
A116: 9.1.4 | B116: L1 | C116: Ensure 'Windows Firewall: Domain: Logging: Name' is configured | D116: Automated | E116: HKLM\SOFTWARE\Policies\Microsoft\WindowsFirewall\DomainProfile\Logging:LogFilePath | F116: REG_SZ <path>\<filename>.log | G116: Covered - check value | H116: %systemroot%\system32\logfiles\firewall\domainfw.log | I116: DomainLogFilePath | J116: CIS allows a range or organisation-specific value; script value shown - confirm it fits.
A117: 9.1.5 | B117: L1 | C117: Ensure 'Windows Firewall: Domain: Logging: Size limit (KB)' is set to '16,384 KB or greater' | D117: Automated | E117: HKLM\SOFTWARE\Policies\Microsoft\WindowsFirewall\DomainProfile\ Logging:LogFileSize | F117: REG_DWORD 16384 | G117: Covered | H117: 32767 | I117: DomainLogFileSize
A118: 9.1.6 | B118: L1 | C118: Ensure 'Windows Firewall: Domain: Logging: Log dropped packets' is set to 'Yes' | D118: Automated | E118: HKLM\SOFTWARE\Policies\Microsoft\WindowsFirewall\DomainProfile\Logging:LogDroppedPackets | F118: REG_DWORD 1 | G118: Covered | H118: 1 | I118: DomainLogDroppedPackets
A119: 9.1.7 | B119: L1 | C119: Ensure 'Windows Firewall: Domain: Logging: Log successful connections' is set to 'Yes' | D119: Automated | E119: HKLM\SOFTWARE\Policies\Microsoft\WindowsFirewall\DomainProfile\Logging:LogSuccessfulConnections | F119: REG_DWORD 1 | G119: Covered | H119: 1 | I119: DomainLogSuccessfulConnections
A120: 9.2.1 | B120: L1 | C120: Ensure 'Windows Firewall: Private: Firewall state' is set to 'On (recommended)' | D120: Automated | E120: HKLM\SOFTWARE\Policies\Microsoft\WindowsFirewall\PrivateProfile:EnableFirewall | F120: REG_DWORD 1 | G120: Covered | H120: 1 | I120: PrivateEnableFirewall
A121: 9.2.2 | B121: L1 | C121: Ensure 'Windows Firewall: Private: Inbound connections' is set to 'Block (default)' | D121: Automated | E121: HKLM\SOFTWARE\Policies\Microsoft\WindowsFirewall\PrivateProfile:DefaultInboundAction | F121: REG_DWORD 1 | G121: Covered | H121: 1 | I121: PrivateDefaultInboundAction
A122: 9.2.3 | B122: L1 | C122: Ensure 'Windows Firewall: Private: Settings: Display a notification' is set to 'No' | D122: Automated | E122: HKLM\SOFTWARE\Policies\Microsoft\WindowsFirewall\PrivateProfile:DisableNotifications | F122: REG_DWORD 1 | G122: Covered | H122: 1 | I122: PrivateDisableNotifications
A123: 9.2.4 | B123: L1 | C123: Ensure 'Windows Firewall: Private: Logging: Name' is configured | D123: Automated | E123: HKLM\SOFTWARE\Policies\Microsoft\WindowsFirewall\PrivateProfile\Logging:LogFilePath | F123: REG_SZ <path>\<filename>.log | G123: Covered - check value | H123: %systemroot%\system32\logfiles\firewall\privatefw.log | I123: PrivateLogFilePath | J123: CIS allows a range or organisation-specific value; script value shown - confirm it fits.
...

Sheet Server 2019 v5.0.0
A1: CIS ID | B1: Level | C1: CIS recommendation (member server) | D1: CIS type | E1: Registry (from CIS audit) | F1: CIS expected | G1: Status | H1: What the script sets | I1: Script function | J1: Note
A2: 1.1.1 | B2: L1 | C2: Ensure 'Enforce password history' is set to '24 or more password(s)' | D2: Automated | G2: Covered | H2: 1.1.1 (L1) Ensure 'Enforce password history' is set to '24 or more password(s)' (Scored) | I2: EnforcePasswordHistory
A3: 1.1.2 | B3: L1 | C3: Ensure 'Maximum password age' is set to '365 or fewer days, but not 0' | D3: Automated | G3: Covered | H3: 1.1.2 (L1) Ensure 'Maximum password age' is set to '365 or fewer days, but not 0' | I3: MaximumPasswordAge
A4: 1.1.3 | B4: L1 | C4: Ensure 'Minimum password age' is set to '1 or more day(s)' | D4: Automated | G4: Covered | H4: 1.1.3 (L1) Ensure 'Minimum password age' is set to '1 or more day(s)' (Scored) | I4: MinimumPasswordAge
A5: 1.1.4 | B5: L1 | C5: Ensure 'Minimum password length' is set to '14 or more character(s)' | D5: Automated | G5: Covered | H5: 1.1.4 (L1) Ensure 'Minimum password length' is set to '14 or more character(s)' (Scored) | I5: MinimumPasswordLength
A6: 1.1.5 | B6: L1 | C6: Ensure 'Password must meet complexity requirements' is set to 'Enabled' | D6: Automated | G6: Covered | H6: 1.1.5 (L1) Ensure 'Password must meet complexity requirements' is set to 'Enabled' (Scored) | I6: WindowsPasswordComplexityPolicyMustBeEnabled
A7: 1.1.6 | B7: L1 | C7: Ensure 'Store passwords using reversible encryption' is set to 'Disabled' | D7: Automated | G7: Covered | H7: 1.1.7 (L1) Ensure 'Store passwords using reversible encryption' is set to 'Disabled' (Scored) | I7: DisablePasswordReversibleEncryption
A8: 1.2.1 | B8: L1 | C8: Ensure 'Account lockout duration' is set to '15 or more minute(s)' | D8: Automated | G8: Covered | H8: 1.2.1 (L1) Ensure 'Account lockout duration' is set to '15 or more minute(s)' (Scored) | I8: AccountLockoutDuration
A9: 1.2.2 | B9: L1 | C9: Ensure 'Account lockout threshold' is set to '5 or fewer invalid logon attempt(s), but not 0' | D9: Automated | G9: Covered | H9: 1.2.2 (L1) Ensure 'Account lockout threshold' is set to '5 or fewer invalid logon attempt(s), but not 0' (Scored) | I9: AccountLockoutThreshold
A10: 1.2.3 | B10: L1 | C10: Ensure 'Allow Administrator account lockout' is set to 'Enabled' (MS only) | D10: Manual | G10: Covered | H10: 1.2.3 (L1) Ensure 'Allow Administrator account lockout' is set to 'Enabled' (MS only) | I10: AllowBuiltInAdminAccountLockout
A11: 1.2.4 | B11: L1 | C11: Ensure 'Reset account lockout counter after' is set to '15 or more minute(s)' | D11: Automated | G11: Covered | H11: 1.2.4 (L1) Ensure 'Reset account lockout counter after' is set to '15 or more minute(s)' (Scored) | I11: ResetAccountLockoutCounter
A12: 2.2.1 | B12: L1 | C12: Ensure 'Access Credential Manager as a trusted caller' is set to 'No One' | D12: Automated | G12: Covered | H12: 2.2.1 (L1) Ensure 'Access Credential Manager as a trusted caller' is set to 'No One' (Scored) | I12: NoOneTrustCallerACM
A13: 2.2.3 | B13: L1 | C13: Ensure 'Access this computer from the network' is set to 'Administrators, Authenticated Users' (MS only) | D13: Automated | G13: Covered | H13: 2.2.3 (L1) Ensure 'Access this computer from the network' is set to 'Administrators, Authenticated Users | I13: AccessComputerFromNetwork
... A33: 2.2.30 | B33: L1 | C33: Ensure 'Generate security audits' is set to 'LOCAL SERVICE, NETWORK SERVICE' | D33: Automated | G33: Covered | H33: 2.2.31 (L1) Ensure 'Generate security audits' is set to 'LOCAL SERVICE, NETWORK SERVICE' (Scored) | I33: GenerateSecurityAudits
A34: 2.2.32 | B34: L1 | C34: Ensure 'Impersonate a client after authentication' is set to 'Administrators, LOCAL SERVICE, NETWORK SERVICE, SERVICE' (MS only) | D34: Automated | G34: Covered (reviewed) | H34: 2.2.33 (L1) Ensure 'Impersonate a client after authentication' is set to 'Administrators, LOCAL SERVICE, NETWORK SERVICE, SERVICE, IIS_IUSRS' | I34: ImpersonateClientAfterAuthentication | J34: Script title mentions IIS_IUSRS but it sets exactly Administrators, LOCAL SERVICE, NETWORK SERVICE, SERVICE.
A35: 2.2.33 | B35: L1 | C35: Ensure 'Impersonate a client after authentication' is set to 'Administrators, LOCAL SERVICE, NETWORK SERVICE, SERVICE, RESTRICTED SERVICES\PrintSpoolerService' (MS only) | D35: Automated | G35: Covered (reviewed) | H35: 2.2.33 (L1) Ensure 'Impersonate a client after authentication' is set to 'Administrators, LOCAL SERVICE, NETWORK SERVICE, SERVICE, IIS_IUSRS' | I35: ImpersonateClientAfterAuthentication | J35: Script title mentions IIS_IUSRS but it sets exactly Administrators, LOCAL SERVICE, NETWORK SERVICE, SERVICE.
A36: 2.2.34 | B36: L1 | C36: Ensure 'Increase scheduling priority' is set to 'Administrators, Window Manager\Window Manager Group' | D36: Automated | G36: Covered | H36: 2.2.34 (L1) Ensure 'Increase scheduling priority' is set to 'Administrators, Window Manager\Window Manager Group' | I36: IncreaseSchedulingPriority
A37: 2.2.35 | B37: L1 | C37: Ensure 'Load and unload device drivers' is set to 'Administrators' | D37: Automated | G37: Covered | H37: 2.2.35 (L1) Ensure 'Load and unload device drivers' is set to 'Administrators' | I37: LoadUnloadDeviceDrivers
A38: 2.2.36 | B38: L1 | C38: Ensure 'Lock pages in memory' is set to 'No One' | D38: Automated | G38: Covered | H38: 2.2.36 (L1) Ensure 'Lock pages in memory' is set to 'No One' | I38: NoOneLockPagesInMemory
A39: 2.2.39 | B39: L1 | C39: Ensure 'Manage auditing and security log' is set to 'Administrators' (MS only) | D39: Automated | G39: Covered | H39: 2.2.39 (L1) Ensure 'Manage auditing and security log' is set to 'Administrators' | I39: ManageAuditingAndSecurity
A40: 2.2.40 | B40: L1 | C40: Ensure 'Modify an object label' is set to 'No One' | D40: Automated | G40: Covered | H40: 2.2.40 (L1) Ensure 'Modify an object label' is set to 'No One' | I40: NoOneModifiesObjectLabel
A41: 2.2.41 | B41: L1 | C41: Ensure 'Modify firmware environment values' is set to 'Administrators' | D41: Automated | G41: Covered | H41: 2.2.41 (L1) Ensure 'Modify firmware environment values' is set to 'Administrators' | I41: FirmwareEnvValues
A42: 2.2.42 | B42: L1 | C42: Ensure 'Perform volume maintenance tasks' is set to 'Administrators' | D42: Automated | G42: Covered | H42: 2.2.42 (L1) Ensure 'Perform volume maintenance tasks' is set to 'Administrators' | I42: VolumeMaintenance
A43: 2.2.43 | B43: L1 | C43: Ensure 'Profile single process' is set to 'Administrators' | D43: Automated | G43: Covered | H43: 2.2.43 (L1) Ensure 'Profile single process' is set to 'Administrators' | I43: ProfileSingleProcess
A44: 2.2.44 | B44: L1 | C44: Ensure 'Profile system performance' is set to 'Administrators, NT SERVICE\WdiServiceHost' | D44: Automated | G44: Covered | H44: 2.2.44 (L1) Ensure 'Profile system performance' is set to 'Administrators,NT SERVICE\WdiServiceHost' | I44: ProfileSystemPerformance
A45: 2.2.45 | B45: L1 | C45: Ensure 'Replace a process level token' is set to 'LOCAL SERVICE, NETWORK SERVICE' | D45: Automated | G45: Covered | H45: 2.2.45 (L1) Ensure 'Replace a process level token' is set to 'LOCAL SERVICE, NETWORK SERVICE' | I45: ReplaceProcessLevelToken
A46: 2.2.46 | B46: L1 | C46: Ensure 'Restore files and directories' is set to 'Administrators' | D46: Automated | G46: Covered | H46: 2.2.46 (L1) Ensure 'Restore files and directories' is set to 'Administrators' | I46: RestoreFilesDirectories
A47: 2.2.47 | B47: L1 | C47: Ensure 'Shut down the system' is set to 'Administrators' | D47: Automated | G47: Covered | H47: 2.2.47 (L1) Ensure 'Shut down the system' is set to 'Administrators' | I47: SystemShutDown
... A49: 2.3.1.1 | B49: L1 | C49: Ensure 'Accounts: Guest account status' is set to 'Disabled' (MS only) | D49: Automated | G49: Covered | H49: 2.3.1.2 (L1) Ensure 'Accounts: Guest account status' is set to 'Disabled' | I49: DisableGuestAccount
A50: 2.3.1.2 | B50: L1 | C50: Ensure 'Accounts: Limit local account use of blank passwords to console logon only' is set to 'Enabled' | D50: Automated | E50: HKLM\SYSTEM\CurrentControlSet\Control\Lsa:LimitBlankPasswordUse | F50: REG_DWORD 1 | G50: Covered | H50: 1 | I50: LimitBlankPasswordConsole
A51: 2.3.1.3 | B51: L1 | C51: Configure 'Accounts: Rename administrator account' | D51: Automated | G51: Covered | H51: 2.3.1.4 (L1) Configure 'Accounts: Rename administrator account' | I51: RenameAdministratorAccount
A52: 2.3.1.4 | B52: L1 | C52: Configure 'Accounts: Rename guest account' | D52: Automated | G52: Covered | H52: 2.3.1.5 (L1) Configure 'Accounts: Rename guest account' | I52: RenameGuestAccount
A53: 2.3.2.1 | B53: L1 | C53: Ensure 'Audit: Force audit policy subcategory settings (Windows Vista or later) to override audit policy category settings' is set to 'Enabled' | D53: Automated | E53: HKLM\SYSTEM\CurrentControlSet\Control\Lsa:SCENoApplyLegacyAuditPolicy | F53: REG_DWORD 1 | G53: Covered | H53: 1 | I53: AuditForceSubCategoryPolicy
A54: 2.3.2.2 | B54: L1 | C54: Ensure 'Audit: Shut down system immediately if unable to log security audits' is set to 'Disabled' | D54: Automated | E54: HKLM\SYSTEM\CurrentControlSet\Control\Lsa:CrashOnAuditFail | F54: REG_DWORD 0 | G54: Covered | H54: 0 | I54: AuditForceShutdown
A55: 2.3.4.1 | B55: L1 | C55: Ensure 'Devices: Prevent users from installing printer drivers' is set to 'Enabled' | D55: Automated | E55: HKLM\SYSTEM\CurrentControlSet\Control\Print\Providers\LanMan Print Services\Servers:AddPrinterDrivers | F55: REG_DWORD 1 | G55: Covered | H55: 1 | I55: PreventPrinterInstallation
A56: 2.3.6.1 | B56: L1 | C56: Ensure 'Domain member: Digitally encrypt or sign secure channel data (always)' is set to 'Enabled' | D56: Automated | E56: HKLM\SYSTEM\CurrentControlSet\Services\Netlogon\Parameters:RequireSignOrSeal | F56: REG_DWORD 1 | G56: Covered | H56: 1 | I56: SignEncryptAllChannelData
A57: 2.3.6.2 | B57: L1 | C57: Ensure 'Domain member: Digitally encrypt secure channel data (when possible)' is set to 'Enabled' | D57: Automated | E57: HKLM\SYSTEM\CurrentControlSet\Services\Netlogon\Parameters:SealSecureChannel | F57: REG_DWORD 1 | G57: Covered | H57: 1 | I57: SecureChannelWhenPossible
A58: 2.3.6.3 | B58: L1 | C58: Ensure 'Domain member: Digitally sign secure channel data (when possible)' is set to 'Enabled' | D58: Automated | E58: HKLM\SYSTEM\CurrentControlSet\Services\Netlogon\Parameters:SignSecureChannel | F58: REG_DWORD 1 | G58: Covered | H58: 1 | I58: DigitallySignChannelWhenPossible
A59: 2.3.6.4 | B59: L1 | C59: Ensure 'Domain member: Disable machine account password changes' is set to 'Disabled' | D59: Automated | E59: HKLM\SYSTEM\CurrentControlSet\Services\Netlogon\Parameters:DisablePasswordChange | F59: REG_DWORD 0 | G59: Covered | H59: 0 | I59: EnableAccountPasswordChanges
A60: 2.3.6.5 | B60: L1 | C60: Ensure 'Domain member: Maximum machine account password age' is set to '30 or fewer days, but not 0' | D60: Automated | E60: HKLM\System\CurrentControlSet\Services\Netlogon\Parameters:MaximumPasswordAge | F60: REG_DWORD 30 or less, but not 0 | G60: Covered | H60: 30 | I60: MaximumAccountPasswordAge
A61: 2.3.6.6 | B61: L1 | C61: Ensure 'Domain member: Require strong (Windows 2000 or later) session key' is set to 'Enabled' | D61: Automated | E61: HKLM\SYSTEM\CurrentControlSet\Services\Netlogon\Parameters:RequireStrongKey | F61: REG_DWORD 1 | G61: Covered | H61: 1 | I61: RequireStrongSessionKey
A62: 2.3.7.1 | B62: L2 | C62: Ensure 'Interactive logon: Do not require CTRL+ALT+DEL' is set to 'Disabled' | D62: Automated | E62: HKLM\SOFTWARE\Microsoft\Windows\CurrentVersion\Policies\System:DisableCAD | F62: REG_DWORD 0 | G62: Covered | H62: 0 | I62: RequireCtlAltDel
A63: 2.3.7.2 | B63: L1 | C63: Ensure 'Interactive logon: Don't display last signed-in' is set to 'Enabled' | D63: Automated | E63: HKLM\SOFTWARE\Microsoft\Windows\CurrentVersion\Policies\System:DontDisplayLastUserName | F63: REG_DWORD 1 | G63: Covered | H63: 1 | I63: DontDisplayLastSigned
A64: 2.3.7.3 | B64: L1 | C64: Ensure 'Interactive logon: Machine inactivity limit' is set to '900 or fewer second(s), but not 0' | D64: Automated | E64: HKLM\SOFTWARE\Microsoft\Windows\CurrentVersion\Policies\System:InactivityTimeoutSecs | F64: REG_DWORD 900 or less, but not 0 | G64: Covered | H64: 900 | I64: MachineInactivityLimit
A65: 2.3.7.4 | B65: L1 | C65: Configure 'Interactive logon: Message text for users attempting to log on' | D65: Automated | E65: HKLM\SOFTWARE\Microsoft\Windows\CurrentVersion\Policies\System:LegalNoticeText | F65: REG_SZ text | G65: Covered - check value | H65: / 7 | I65: LogonLegalNotice | J65: Set your own logon banner text at the top of the script ($LogonLegalNoticeMessage).
A66: 2.3.7.5 | B66: L1 | C66: Configure 'Interactive logon: Message title for users attempting to log on' | D66: Automated | E66: HKLM\SOFTWARE\Microsoft\Windows\CurrentVersion\Policies\System:LegalNoticeCaption | F66: REG_SZ text | G66: Covered - check value | H66: $($logonlegalnoticemessagetitle) | I66: LogonLegalNoticeTitle | J66: Set your own logon banner title at the top of the script ($LogonLegalNoticeMessageTitle).
A67: 2.3.7.6 | B67: L2 | C67: Ensure 'Interactive logon: Number of previous logons to cache (in case domain controller is not available)' is set to '4 or fewer logon(s)' (MS only) | D67: Automated | E67: HKLM\SOFTWARE\Microsoft\Windows NT\CurrentVersion\Winlogon:CachedLogonsCount | G67: Covered - check value | H67: 4 | I67: PreviousLogonCache | J67: CIS allows a range or organisation-specific value; script value shown - confirm it fits.
A68: 2.3.7.7 | B68: L1 | C68: Ensure 'Interactive logon: Prompt user to change password before expiration' is set to 'between 5 and 14 days' | D68: Automated | E68: HKLM\SOFTWARE\Microsoft\Windows NT\CurrentVersion\Winlogon:PasswordExpiryWarning | G68: Covered - check value | H68: 5 | I68: PromptUserPassExpiration | J68: CIS allows a range or organisation-specific value; script value shown - confirm it fits.
A69: 2.3.7.8 | B69: L1 | C69: Ensure 'Interactive logon: Require Domain Controller Authentication to unlock workstation' is set to 'Enabled' (MS only) | D69: Automated | E69: HKLM\SOFTWARE\Microsoft\Windows NT\CurrentVersion\Winlogon:ForceUnlockLogon | F69: REG_DWORD 1 | G69: Covered | H69: 1 | I69: RequireDomainControllerAuth
A70: 2.3.7.9 | B70: L1 | C70: Ensure 'Interactive logon: Smart card removal behavior' is set to 'Lock Workstation' or higher | D70: Automated | E70: HKLM\SOFTWARE\Microsoft\Windows NT\CurrentVersion\Winlogon:ScRemoveOption | F70: REG_SZ 1, 2, or 3 | G70: Covered | H70: 1 | I70: SmartCardRemovalBehaviour
A71: 2.3.8.1 | B71: L1 | C71: Ensure 'Microsoft network client: Digitally sign communications (always)' is set to 'Enabled' | D71: Automated | E71: HKLM\SYSTEM\CurrentControlSet\Services\LanmanWorkstation\Parameters:RequireSecuritySignature | F71: REG_DWORD 1 | G71: Covered | H71: 1 | I71: NetworkClientSignCommunications
A72: 2.3.8.2 | B72: L1 | C72: Ensure 'Microsoft network client: Send unencrypted password to third-party SMB servers' is set to 'Disabled' | D72: Automated | E72: HKLM\SYSTEM\CurrentControlSet\Services\LanmanWorkstation\Parameters:EnablePlainTextPassword | F72: REG_DWORD 0 | G72: Covered | H72: 0 | I72: DisableSmbUnencryptedPassword
A73: 2.3.9.1 | B73: L1 | C73: Ensure 'Microsoft network server: Amount of idle time required before suspending session' is set to '15 or fewer minute(s)' | D73: Automated | E73: HKLM\SYSTEM\CurrentControlSet\Services\LanManServer\Parameters:AutoDisconnect | F73: REG_DWORD 15 or less | G73: Covered | H73: 15 | I73: IdleTimeSuspendingSession
A74: 2.3.9.2 | B74: L1 | C74: Ensure 'Microsoft network server: Digitally sign communications (always)' is set to 'Enabled' | D74: Automated | E74: HKLM\SYSTEM\CurrentControlSet\Services\LanManServer\Parameters:RequireSecuritySignature | F74: REG_DWORD 1 | G74: Covered | H74: 1 | I74: NetworkServerAlwaysDigitallySign
A75: 2.3.9.3 | B75: L1 | C75: Ensure 'Microsoft network server: Disconnect clients when logon hours expire' is set to 'Enabled' | D75: Automated | E75: HKLM\SYSTEM\CurrentControlSet\Services\LanManServer\Parameters:enableforcedlogoff | F75: REG_DWORD 1 | G75: Covered | H75: 1 | I75: LanManServerEnableForcedLogOff
A76: 2.3.9.4 | B76: L1 | C76: Ensure 'Microsoft network server: Server SPN target name validation level' is set to 'Accept if provided by client' or higher (MS only) | D76: Automated | E76: HKLM\SYSTEM\CurrentControlSet\Services\LanManServer\Parameters:SMBServerNameHardeningLevel | F76: REG_DWORD 1 or 2 | G76: Covered | H76: 0 / 1 | I76: LanManServerSmbServerNameHardeningLevel
A77: 2.3.10.1 | B77: L1 | C77: Ensure 'Network access: Allow anonymous SID/Name translation' is set to 'Disabled' | D77: Automated | G77: Covered | H77: 2.3.10.1 (L1) Ensure 'Network access: Allow anonymous SID/Name translation' is set to 'Disabled' | I77: LSAAnonymousNameDisabled
A78: 2.3.10.2 | B78: L1 | C78: Ensure 'Network access: Do not allow anonymous enumeration of SAM accounts' is set to 'Enabled' (MS only) | D78: Automated | E78: HKLM\SYSTEM\CurrentControlSet\Control\Lsa:RestrictAnonymousSAM | F78: REG_DWORD 1 | G78: Covered | H78: 1 | I78: RestrictAnonymousSAM
A79: 2.3.10.3 | B79: L1 | C79: Ensure 'Network access: Do not allow anonymous enumeration of SAM accounts and shares' is set to 'Enabled' (MS only) | D79: Automated | E79: HKLM\SYSTEM\CurrentControlSet\Control\Lsa:RestrictAnonymous | F79: REG_DWORD 1 | G79: Covered | H79: 1 | I79: RestrictAnonymous
A80: 2.3.10.4 | B80: L2 | C80: Ensure 'Network access: Do not allow storage of passwords and credentials for network authentication' is set to 'Enabled' | D80: Automated | E80: HKLM\SYSTEM\CurrentControlSet\Control\Lsa:DisableDomainCreds | F80: REG_DWORD 1 | G80: Covered | H80: 0 / 1 | I80: DisableDomainCreds
A81: 2.3.10.5 | B81: L1 | C81: Ensure 'Network access: Let Everyone permissions apply to anonymous users' is set to 'Disabled' | D81: Automated | E81: HKLM\SYSTEM\CurrentControlSet\Control\Lsa:EveryoneIncludesAnonymous | F81: REG_DWORD 0 | G81: Covered | H81: 0 | I81: EveryoneIncludesAnonymous
A82: 2.3.10.7 | B82: L1 | C82: Ensure 'Network access: Named Pipes that can be accessed anonymously' is configured (MS only) | D82: Automated | E82: HKLM\SYSTEM\CurrentControlSet\Services\LanManServer\Parameters:NullSessionPipes | F82: REG_MULTI_SZ blank (i.e | G82: Covered - check value | I82: NullSessionPipes | J82: CIS allows a range or organisation-specific value; script value shown - confirm it fits.
A83: 2.3.10.8 | B83: L1 | C83: Ensure 'Network access: Remotely accessible registry paths' is configured | D83: Automated | E83: HKLM\SYSTEM\CurrentControlSet\Control\SecurePipeServers\Winreg\ AllowedExactPaths:Machine | F83: REG_MULTI_SZ System\CurrentControlSet\Control\ProductOptions,System\CurrentControlS | G83: Covered - check value | H83: system\currentcontrolset\control\productoptions;system\currentcontrolset\control\server applications;software\microsoft\windows nt\currentversion | I83: AllowedExactPaths | J83: CIS allows a range or organisation-specific value; script value shown - confirm it fits.
A84: 2.3.10.9 | B84: L1 | C84: Ensure 'Network access: Remotely accessible registry paths and sub-paths' is configured | D84: Automated | E84: HKLM\SYSTEM\CurrentControlSet\Control\SecurePipeServers\Winreg\ AllowedPaths:Machine | F84: REG_MULTI_SZ System\CurrentControlSet\Control\Print\Printers,System\CurrentControlS | G84: Covered - check value | H84: system\currentcontrolset\control\print\printers;system\currentcontrolset\services\eventlog;software\microsoft\olap server;software\microsoft\windows nt\currentversion\print;software\microsoft\windows nt\currentversion\windows;system\currentcontrolset\control\contentindex;system\currentcontrolset\control\terminal server;system\currentcontrolset\control\terminal server\userconfig;system\currentcontrolset\control\terminal server\defaultuserconfiguration;software\microsoft\windows nt\currentversion\perflib;system\currentcontrolset\services\sysmonlog | I84: AllowedPaths | J84: CIS allows a range or organisation-specific value; script value shown - confirm it fits.
A85: 2.3.10.10 | B85: L1 | C85: Ensure 'Network access: Restrict anonymous access to Named Pipes and Shares' is set to 'Enabled' | D85: Automated | E85: HKLM\SYSTEM\CurrentControlSet\Services\LanManServer\Parameters:RestrictNullSessAccess | F85: REG_DWORD 1 | G85: Covered | H85: 1 | I85: RestrictNullSessAccess
A86: 2.3.10.11 | B86: L1 | C86: Ensure 'Network access: Restrict clients allowed to make remote calls to SAM' is set to 'Administrators: Remote Access: Allow' (MS only) | D86: Automated | E86: HKLM\SYSTEM\CurrentControlSet\Control\Lsa:restrictremotesam | F86: REG_SZ O:BAG:BAD:(A;;RC;;;BA) | G86: Covered - check value | H86: o:bag:bad:(a;;rc;;;ba) | I86: RestrictRemoteSAM | J86: CIS allows a range or organisation-specific value; script value shown - confirm it fits.
A87: 2.3.10.12 | B87: L1 | C87: Ensure 'Network access: Shares that can be accessed anonymously' is set to 'None' | D87: Automated | E87: HKLM\SYSTEM\CurrentControlSet\Services\LanManServer\Parameters:NullSessionShares | G87: Covered - check value | I87: NullSessionShares | J87: CIS allows a range or organisation-specific value; script value shown - confirm it fits.
A88: 2.3.10.13 | B88: L1 | C88: Ensure 'Network access: Sharing and security model for local accounts' is set to 'Classic - local users authenticate as themselves' | D88: Automated | E88: HKLM\SYSTEM\CurrentControlSet\Control\Lsa:ForceGuest | F88: REG_DWORD 0 | G88: Covered | H88: 0 | I88: LsaForceGuest
A89: 2.3.11.1 | B89: L1 | C89: Ensure 'Network security: Allow Local System to use computer identity for NTLM' is set to 'Enabled' | D89: Automated | E89: HKLM\SYSTEM\CurrentControlSet\Control\Lsa:UseMachineId | F89: REG_DWORD 1 | G89: Covered | H89: 1 | I89: LsaUseMachineId
A90: 2.3.11.2 | B90: L1 | C90: Ensure 'Network security: Allow LocalSystem NULL session fallback' is set to 'Disabled' | D90: Automated | E90: HKLM\SYSTEM\CurrentControlSet\Control\Lsa\MSV1_0:AllowNullSessionFallback | F90: REG_DWORD 0 | G90: Covered | H90: 0 | I90: AllowNullSessionFallback
A91: 2.3.11.3 | B91: L1 | C91: Ensure 'Network Security: Allow PKU2U authentication requests to this computer to use online identities' is set to 'Disabled' | D91: Automated | E91: HKLM\SYSTEM\CurrentControlSet\Control\Lsa\pku2u:AllowOnlineID | F91: REG_DWORD 0 | G91: Covered | H91: 0 | I91: AllowOnlineID
A92: 2.3.11.4 | B92: L1 | C92: Ensure 'Network security: Configure encryption types allowed for Kerberos' is set to 'AES128_HMAC_SHA1, AES256_HMAC_SHA1, Future encryption types' | D92: Automated | E92: HKLM\SOFTWARE\Microsoft\Windows\CurrentVersion\Policies\System\ Kerberos\Parameters:SupportedEncryptionTypes | F92: REG_DWORD 2147483640 | G92: Covered | H92: 2147483640 | I92: SupportedEncryptionTypes
A93: 2.3.11.5 | B93: L1 | C93: Ensure 'Network security: Do not store LAN Manager hash value on next password change' is set to 'Enabled' | D93: Automated | E93: HKLM\SYSTEM\CurrentControlSet\Control\Lsa:NoLMHash | F93: REG_DWORD 1 | G93: Covered | H93: 1 | I93: NoLMHash
A94: 2.3.11.6 | B94: L1 | C94: Ensure 'Network security: Force logoff when logon hours expire' is set to 'Enabled' | D94: Manual | G94: Covered | H94: 2.3.11.6 Ensure 'Network security: Force logoff when logon hours expire' is set to 'Enabled' | I94: ForceLogoff
A95: 2.3.11.7 | B95: L1 | C95: Ensure 'Network security: LAN Manager authentication level' is set to 'Send NTLMv2 response only. Refuse LM & NTLM' | D95: Automated | E95: HKLM\SYSTEM\CurrentControlSet\Control\Lsa:LmCompatibilityLevel | F95: REG_DWORD 5 | G95: Covered | H95: 5 | I95: LmCompatibilityLevel
A96: 2.3.11.8 | B96: L1 | C96: Ensure 'Network security: LDAP client signing requirements' is set to 'Negotiate signing' or higher | D96: Automated | E96: HKLM\SYSTEM\CurrentControlSet\Services\LDAP:LDAPClientIntegrity | F96: REG_DWORD 1 or 2 | G96: Covered | H96: 1 | I96: LDAPClientIntegrity
A97: 2.3.11.9 | B97: L1 | C97: Ensure 'Network security: Minimum session security for NTLM SSP based (including secure RPC) clients' is set to 'Require NTLMv2 session security, Require 128-bit encryption' | D97: Automated | E97: HKLM\SYSTEM\CurrentControlSet\Control\Lsa\MSV1_0:NTLMMinClientSec | F97: REG_DWORD 537395200 | G97: Covered | H97: 537395200 | I97: NTLMMinClientSec
A98: 2.3.11.10 | B98: L1 | C98: Ensure 'Network security: Minimum session security for NTLM SSP based (including secure RPC) servers' is set to 'Require NTLMv2 session security, Require 128-bit encryption' | D98: Automated | E98: HKLM\SYSTEM\CurrentControlSet\Control\Lsa\MSV1_0:NTLMMinServerSec | F98: REG_DWORD 537395200 | G98: Covered | H98: 537395200 | I98: NTLMMinServerSec
A99: 2.3.11.11 | B99: L1 | C99: Ensure 'Network security: Restrict NTLM: Audit Incoming NTLM Traffic' is set to 'Enable auditing for all accounts' | D99: Automated | E99: HKLM\SYSTEM\CurrentControlSet\Control\Lsa\MSV1_0:AuditReceivingNTLMTraffic | F99: REG_DWORD 2 | G99: Covered | H99: 2 | I99: NTLMEnableIncomingAuditingForAllAccounts
A100: 2.3.11.13 | B100: L1 | C100: Ensure 'Network security: Restrict NTLM: Outgoing NTLM traffic to remote servers' is set to 'Audit all' or higher | D100: Automated | E100: HKLM\SYSTEM\CurrentControlSet\Control\Lsa\MSV1_0:RestrictSendingNTLMTraffic | F100: REG_DWORD 1 or 2 | G100: Covered | H100: 1 | I100: NTLMEnableOutgoingAuditingForAllAccounts
A101: 2.3.13.1 | B101: L1 | C101: Ensure 'Shutdown: Allow system to be shut down without having to log on' is set to 'Disabled' | D101: Automated | E101: HKLM\SOFTWARE\Microsoft\Windows\CurrentVersion\Policies\System:ShutdownWithoutLogon | F101: REG_DWORD 0 | G101: Covered | H101: 0 | I101: ShutdownWithoutLogon
A102: 2.3.15.1 | B102: L1 | C102: Ensure 'System objects: Require case insensitivity for non-Windows subsystems' is set to 'Enabled' | D102: Automated | E102: HKLM\SYSTEM\CurrentControlSet\Control\Session Manager\Kernel:ObCaseInsensitive | F102: REG_DWORD 1 | G102: Covered | H102: 1 | I102: ObCaseInsensitive
A103: 2.3.15.2 | B103: L1 | C103: Ensure 'System objects: Strengthen default permissions of internal system objects (e.g. Symbolic Links)' is set to 'Enabled' | D103: Automated | E103: HKLM\SYSTEM\CurrentControlSet\Control\Session Manager:ProtectionMode | F103: REG_DWORD 1 | G103: Covered | H103: 1 | I103: SessionManagerProtectionMode
A104: 2.3.17.1 | B104: L1 | C104: Ensure 'User Account Control: Admin Approval Mode for the Built-in Administrator account' is set to 'Enabled' | D104: Automated | E104: HKLM\SOFTWARE\Microsoft\Windows\CurrentVersion\Policies\System:FilterAdministratorToken | F104: REG_DWORD 1 | G104: Covered | H104: 1 | I104: FilterAdministratorToken
A105: 2.3.17.2 | B105: L1 | C105: Ensure 'User Account Control: Behavior of the elevation prompt for administrators in Admin Approval Mode' is set to 'Prompt for consent on the secure desktop' or higher | D105: Automated | E105: HKLM\SOFTWARE\Microsoft\Windows\CurrentVersion\Policies\System:ConsentPromptBehaviorAdmin | F105: REG_DWORD 1 or2 | G105: Covered | H105: 2 | I105: ConsentPromptBehaviorAdmin
A106: 2.3.17.3 | B106: L1 | C106: Ensure 'User Account Control: Behavior of the elevation prompt for standard users' is set to 'Automatically deny elevation requests' | D106: Automated | E106: HKLM\SOFTWARE\Microsoft\Windows\CurrentVersion\Policies\System:ConsentPromptBehaviorUser | F106: REG_DWORD 0 | G106: Covered | H106: 0 | I106: ConsentPromptBehaviorUser
... A115: 9.1.3 | B115: L1 | C115: Ensure 'Windows Firewall: Domain: Settings: Display a notification' is set to 'No' | D115: Automated | E115: HKLM\SOFTWARE\Policies\Microsoft\WindowsFirewall\DomainProfile:DisableNotifications | F115: REG_DWORD 1 | G115: Covered | H115: 1 | I115: DomainDisableNotifications
A116: 9.1.4 | B116: L1 | C116: Ensure 'Windows Firewall: Domain: Logging: Name' is configured | D116: Automated | E116: HKLM\SOFTWARE\Policies\Microsoft\WindowsFirewall\DomainProfile\Logging:LogFilePath | F116: REG_SZ <path>\<filename>.log | G116: Covered - check value | H116: %systemroot%\system32\logfiles\firewall\domainfw.log | I116: DomainLogFilePath | J116: CIS allows a range or organisation-specific value; script value shown - confirm it fits.
A117: 9.1.5 | B117: L1 | C117: Ensure 'Windows Firewall: Domain: Logging: Size limit (KB)' is set to '16,384 KB or greater' | D117: Automated | E117: HKLM\SOFTWARE\Policies\Microsoft\WindowsFirewall\DomainProfile\ Logging:LogFileSize | F117: REG_DWORD 16384 | G117: Covered | H117: 32767 | I117: DomainLogFileSize
A118: 9.1.6 | B118: L1 | C118: Ensure 'Windows Firewall: Domain: Logging: Log dropped packets' is set to 'Yes' | D118: Automated | E118: HKLM\SOFTWARE\Policies\Microsoft\WindowsFirewall\DomainProfile\Logging:LogDroppedPackets | F118: REG_DWORD 1 | G118: Covered | H118: 1 | I118: DomainLogDroppedPackets
A119: 9.1.7 | B119: L1 | C119: Ensure 'Windows Firewall: Domain: Logging: Log successful connections' is set to 'Yes' | D119: Automated | E119: HKLM\SOFTWARE\Policies\Microsoft\WindowsFirewall\DomainProfile\Logging:LogSuccessfulConnections | F119: REG_DWORD 1 | G119: Covered | H119: 1 | I119: DomainLogSuccessfulConnections
A120: 9.2.1 | B120: L1 | C120: Ensure 'Windows Firewall: Private: Firewall state' is set to 'On (recommended)' | D120: Automated | E120: HKLM\SOFTWARE\Policies\Microsoft\WindowsFirewall\PrivateProfile:EnableFirewall | F120: REG_DWORD 1 | G120: Covered | H120: 1 | I120: PrivateEnableFirewall
A121: 9.2.2 | B121: L1 | C121: Ensure 'Windows Firewall: Private: Inbound connections' is set to 'Block (default)' | D121: Automated | E121: HKLM\SOFTWARE\Policies\Microsoft\WindowsFirewall\PrivateProfile:DefaultInboundAction | F121: REG_DWORD 1 | G121: Covered | H121: 1 | I121: PrivateDefaultInboundAction
A122: 9.2.3 | B122: L1 | C122: Ensure 'Windows Firewall: Private: Settings: Display a notification' is set to 'No' | D122: Automated | E122: HKLM\SOFTWARE\Policies\Microsoft\WindowsFirewall\PrivateProfile:DisableNotifications | F122: REG_DWORD 1 | G122: Covered | H122: 1 | I122: PrivateDisableNotifications
A123: 9.2.4 | B123: L1 | C123: Ensure 'Windows Firewall: Private: Logging: Name' is configured | D123: Automated | E123: HKLM\SOFTWARE\Policies\Microsoft\WindowsFirewall\PrivateProfile\Logging:LogFilePath | F123: REG_SZ <path>\<filename>.log | G123: Covered - check value | H123: %systemroot%\system32\logfiles\firewall\privatefw.log | I123: PrivateLogFilePath | J123: CIS allows a range or organisation-specific value; script value shown - confirm it fits.
A124: 9.2.5 | B124: L1 | C124: Ensure 'Windows Firewall: Private: Logging: Size limit (KB)' is set to '16,384 KB or greater' | D124: Automated | E124: HKLM\SOFTWARE\Policies\Microsoft\WindowsFirewall\PrivateProfile \Logging:LogFileSize | F124: REG_DWORD 16384 | G124: Covered | H124: 32767 | I124: PrivateLogFileSize
A125: 9.2.6 | B125: L1 | C125: Ensure 'Windows Firewall: Private: Logging: Log dropped packets' is set to 'Yes' | D125: Automated | E125: HKLM\SOFTWARE\Policies\Microsoft\WindowsFirewall\PrivateProfile\Logging:LogDroppedPackets | F125: REG_DWORD 1 | G125: Covered | H125: 1 | I125: PrivateLogDroppedPackets
A126: 9.2.7 | B126: L1 | C126: Ensure 'Windows Firewall: Private: Logging: Log successful connections' is set to 'Yes' | D126: Automated | E126: HKLM\SOFTWARE\Policies\Microsoft\WindowsFirewall\PrivateProfile\Logging:LogSuccessfulConnections | F126: REG_DWORD 1 | G126: Covered | H126: 1 | I126: PrivateLogSuccessfulConnections
A127: 9.3.1 | B127: L1 | C127: Ensure 'Windows Firewall: Public: Firewall state' is set to 'On (recommended)' | D127: Automated | E127: HKLM\SOFTWARE\Policies\Microsoft\WindowsFirewall\PublicProfile:EnableFirewall | F127: REG_DWORD 1 | G127: Covered | H127: 1 | I127: PublicEnableFirewall
A128: 9.3.2 | B128: L1 | C128: Ensure 'Windows Firewall: Public: Inbound connections' is set to 'Block (default)' | D128: Automated | E128: HKLM\SOFTWARE\Policies\Microsoft\WindowsFirewall\PublicProfile:DefaultInboundAction | F128: REG_DWORD 1 | G128: Covered | H128: 1 | I128: PublicDefaultInboundAction
...

Sheet Server 2016 v4.0.0
A1: CIS ID | B1: Level | C1: CIS recommendation (member server) | D1: CIS type | E1: Registry (from CIS audit) | F1: CIS expected | G1: Status | H1: What the script sets | I1: Script function | J1: Note
A2: 1.1.1 | B2: L1 | C2: (L1) Ensure 'Enforce password history' is set to '24 or more password(s)' | D2: Automated | G2: Covered | H2: 1.1.1 (L1) Ensure 'Enforce password history' is set to '24 or more password(s)' (Scored) | I2: EnforcePasswordHistory
A3: 1.1.2 | B3: L1 | C3: (L1) Ensure 'Maximum password age' is set to '365 or fewer days, but not 0' | D3: Automated | G3: Covered | H3: 1.1.2 (L1) Ensure 'Maximum password age' is set to '365 or fewer days, but not 0' | I3: MaximumPasswordAge
A4: 1.1.3 | B4: L1 | C4: (L1) Ensure 'Minimum password age' is set to '1 or more day(s)' | D4: Automated | G4: Covered | H4: 1.1.3 (L1) Ensure 'Minimum password age' is set to '1 or more day(s)' (Scored) | I4: MinimumPasswordAge
A5: 1.1.4 | B5: L1 | C5: (L1) Ensure 'Minimum password length' is set to '14 or more character(s)' | D5: Automated | G5: Covered | H5: 1.1.4 (L1) Ensure 'Minimum password length' is set to '14 or more character(s)' (Scored) | I5: MinimumPasswordLength
A6: 1.1.5 | B6: L1 | C6: (L1) Ensure 'Password must meet complexity requirements' is set to 'Enabled' | D6: Automated | G6: Covered | H6: 1.1.5 (L1) Ensure 'Password must meet complexity requirements' is set to 'Enabled' (Scored) | I6: WindowsPasswordComplexityPolicyMustBeEnabled
A7: 1.1.6 | B7: L1 | C7: (L1) Ensure 'Store passwords using reversible encryption' is set to 'Disabled' | D7: Automated | G7: Covered | H7: 1.1.7 (L1) Ensure 'Store passwords using reversible encryption' is set to 'Disabled' (Scored) | I7: DisablePasswordReversibleEncryption
A8: 1.2.1 | B8: L1 | C8: (L1) Ensure 'Account lockout duration' is set to '15 or more minute(s)' | D8: Automated | G8: Covered | H8: 1.2.1 (L1) Ensure 'Account lockout duration' is set to '15 or more minute(s)' (Scored) | I8: AccountLockoutDuration
A9: 1.2.2 | B9: L1 | C9: (L1) Ensure 'Account lockout threshold' is set to '5 or fewer invalid logon attempt(s), but not 0' | D9: Automated | G9: Covered | H9: 1.2.2 (L1) Ensure 'Account lockout threshold' is set to '5 or fewer invalid logon attempt(s), but not 0' (Scored) | I9: AccountLockoutThreshold
A10: 1.2.3 | B10: L1 | C10: (L1) Ensure 'Allow Administrator account lockout' is set to 'Enabled' (MS only) | D10: Manual | G10: Covered | H10: 1.2.3 (L1) Ensure 'Allow Administrator account lockout' is set to 'Enabled' (MS only) | I10: AllowBuiltInAdminAccountLockout
A11: 1.2.4 | B11: L1 | C11: (L1) Ensure 'Reset account lockout counter after' is set to '15 or more minute(s)' | D11: Automated | G11: Covered | H11: 1.2.4 (L1) Ensure 'Reset account lockout counter after' is set to '15 or more minute(s)' (Scored) | I11: ResetAccountLockoutCounter
A12: 2.2.1 | B12: L1 | C12: (L1) Ensure 'Access Credential Manager as a trusted caller' is set to 'No One' | D12: Automated | G12: Covered | H12: 2.2.1 (L1) Ensure 'Access Credential Manager as a trusted caller' is set to 'No One' (Scored) | I12: NoOneTrustCallerACM
A13: 2.2.3 | B13: L1 | C13: (L1) Ensure 'Access this computer from the network' is set to 'Administrators, Authenticated Users' (MS only) | D13: Automated | G13: Covered | H13: 2.2.3 (L1) Ensure 'Access this computer from the network' is set to 'Administrators, Authenticated Users | I13: AccessComputerFromNetwork
... A34: 2.2.31 | B34: L1 | C34: (L1) Ensure 'Generate security audits' is set to 'LOCAL SERVICE, NETWORK SERVICE' | D34: Automated | G34: Covered | H34: 2.2.31 (L1) Ensure 'Generate security audits' is set to 'LOCAL SERVICE, NETWORK SERVICE' (Scored) | I34: GenerateSecurityAudits
A35: 2.2.33 | B35: L1 | C35: (L1) Ensure 'Impersonate a client after authentication' is set to 'Administrators, LOCAL SERVICE, NETWORK SERVICE, SERVICE' and (when the Web Server (IIS) Role with Web Services Role Service is installed) 'IIS_IUSRS' (MS only) | D35: Automated | G35: Covered (reviewed) | H35: 2.2.33 (L1) Ensure 'Impersonate a client after authentication' is set to 'Administrators, LOCAL SERVICE, NETWORK SERVICE, SERVICE, IIS_IUSRS' | I35: ImpersonateClientAfterAuthentication | J35: Script title mentions IIS_IUSRS but it sets exactly Administrators, LOCAL SERVICE, NETWORK SERVICE, SERVICE.
A36: 2.2.34 | B36: L1 | C36: (L1) Ensure 'Increase scheduling priority' is set to 'Administrators' | D36: Automated | G36: Covered | H36: 2.2.34 (L1) Ensure 'Increase scheduling priority' is set to 'Administrators' | I36: IncreaseSchedulingPriority
A37: 2.2.35 | B37: L1 | C37: (L1) Ensure 'Load and unload device drivers' is set to 'Administrators' | D37: Automated | G37: Covered | H37: 2.2.35 (L1) Ensure 'Load and unload device drivers' is set to 'Administrators' | I37: LoadUnloadDeviceDrivers
A38: 2.2.36 | B38: L1 | C38: (L1) Ensure 'Lock pages in memory' is set to 'No One' | D38: Automated | G38: Covered | H38: 2.2.36 (L1) Ensure 'Lock pages in memory' is set to 'No One' | I38: NoOneLockPagesInMemory
A39: 2.2.39 | B39: L1 | C39: (L1) Ensure 'Manage auditing and security log' is set to 'Administrators' (MS only) | D39: Automated | G39: Covered | H39: 2.2.39 (L1) Ensure 'Manage auditing and security log' is set to 'Administrators' | I39: ManageAuditingAndSecurity
A40: 2.2.40 | B40: L1 | C40: (L1) Ensure 'Modify an object label' is set to 'No One' | D40: Automated | G40: Covered | H40: 2.2.40 (L1) Ensure 'Modify an object label' is set to 'No One' | I40: NoOneModifiesObjectLabel
A41: 2.2.41 | B41: L1 | C41: (L1) Ensure 'Modify firmware environment values' is set to 'Administrators' | D41: Automated | G41: Covered | H41: 2.2.41 (L1) Ensure 'Modify firmware environment values' is set to 'Administrators' | I41: FirmwareEnvValues
A42: 2.2.42 | B42: L1 | C42: (L1) Ensure 'Perform volume maintenance tasks' is set to 'Administrators' | D42: Automated | G42: Covered | H42: 2.2.42 (L1) Ensure 'Perform volume maintenance tasks' is set to 'Administrators' | I42: VolumeMaintenance
A43: 2.2.43 | B43: L1 | C43: (L1) Ensure 'Profile single process' is set to 'Administrators' | D43: Automated | G43: Covered | H43: 2.2.43 (L1) Ensure 'Profile single process' is set to 'Administrators' | I43: ProfileSingleProcess
A44: 2.2.44 | B44: L1 | C44: (L1) Ensure 'Profile system performance' is set to 'Administrators, NT SERVICE\WdiServiceHost' | D44: Automated | G44: Covered | H44: 2.2.44 (L1) Ensure 'Profile system performance' is set to 'Administrators,NT SERVICE\WdiServiceHost' | I44: ProfileSystemPerformance
A45: 2.2.45 | B45: L1 | C45: (L1) Ensure 'Replace a process level token' is set to 'LOCAL SERVICE, NETWORK SERVICE' | D45: Automated | G45: Covered | H45: 2.2.45 (L1) Ensure 'Replace a process level token' is set to 'LOCAL SERVICE, NETWORK SERVICE' | I45: ReplaceProcessLevelToken
A46: 2.2.46 | B46: L1 | C46: (L1) Ensure 'Restore files and directories' is set to 'Administrators' | D46: Automated | G46: Covered | H46: 2.2.46 (L1) Ensure 'Restore files and directories' is set to 'Administrators' | I46: RestoreFilesDirectories
A47: 2.2.47 | B47: L1 | C47: (L1) Ensure 'Shut down the system' is set to 'Administrators' | D47: Automated | G47: Covered | H47: 2.2.47 (L1) Ensure 'Shut down the system' is set to 'Administrators' | I47: SystemShutDown
A48: 2.2.49 | B48: L1 | C48: (L1) Ensure 'Take ownership of files or other objects' is set to 'Administrators' | D48: Automated | G48: Covered | H48: 2.2.49 (L1) Ensure 'Take ownership of files or other objects' is set to 'Administrators' | I48: TakeOwnershipFiles
A49: 2.3.1.1 | B49: L1 | C49: (L1) Ensure 'Accounts: Block Microsoft accounts' is set to 'Users can't add or log on with Microsoft accounts' | D49: Automated | E49: HKLM\SOFTWARE\Microsoft\Windows\CurrentVersion\Policies\System:NoConnectedUser | F49: REG_DWORD 3 | G49: Covered | H49: 3 | I49: DisableMicrosoftAccounts
A50: 2.3.1.2 | B50: L1 | C50: (L1) Ensure 'Accounts: Guest account status' is set to 'Disabled' (MS only) | D50: Automated | G50: Covered | H50: 2.3.1.2 (L1) Ensure 'Accounts: Guest account status' is set to 'Disabled' | I50: DisableGuestAccount
A51: 2.3.1.3 | B51: L1 | C51: (L1) Ensure 'Accounts: Limit local account use of blank passwords to console logon only' is set to 'Enabled' | D51: Automated | E51: HKLM\SYSTEM\CurrentControlSet\Control\Lsa:LimitBlankPasswordUse | F51: REG_DWORD 1 | G51: Covered | H51: 1 | I51: LimitBlankPasswordConsole
A52: 2.3.1.4 | B52: L1 | C52: (L1) Configure 'Accounts: Rename administrator account' | D52: Automated | G52: Covered | H52: 2.3.1.4 (L1) Configure 'Accounts: Rename administrator account' | I52: RenameAdministratorAccount
A53: 2.3.1.5 | B53: L1 | C53: (L1) Configure 'Accounts: Rename guest account' | D53: Automated | G53: Covered | H53: 2.3.1.5 (L1) Configure 'Accounts: Rename guest account' | I53: RenameGuestAccount
A54: 2.3.2.1 | B54: L1 | C54: (L1) Ensure 'Audit: Force audit policy subcategory settings (Windows Vista or later) to override audit policy category settings' is set to 'Enabled' | D54: Automated | E54: HKLM\SYSTEM\CurrentControlSet\Control\Lsa:SCENoApplyLegacyAuditPolicy | F54: REG_DWORD 1 | G54: Covered | H54: 1 | I54: AuditForceSubCategoryPolicy
A55: 2.3.2.2 | B55: L1 | C55: (L1) Ensure 'Audit: Shut down system immediately if unable to log security audits' is set to 'Disabled' | D55: Automated | E55: HKLM\SYSTEM\CurrentControlSet\Control\Lsa:CrashOnAuditFail | F55: REG_DWORD 0 | G55: Covered | H55: 0 | I55: AuditForceShutdown
A56: 2.3.4.1 | B56: L1 | C56: (L1) Ensure 'Devices: Prevent users from installing printer drivers' is set to 'Enabled' | D56: Automated | E56: HKLM\SYSTEM\CurrentControlSet\Control\Print\Providers\LanMan Print Services\Servers:AddPrinterDrivers | F56: REG_DWORD 1 | G56: Covered | H56: 1 | I56: PreventPrinterInstallation
A57: 2.3.6.1 | B57: L1 | C57: (L1) Ensure 'Domain member: Digitally encrypt or sign secure channel data (always)' is set to 'Enabled' | D57: Automated | E57: HKLM\SYSTEM\CurrentControlSet\Services\Netlogon\Parameters:RequireSignOrSeal | F57: REG_DWORD 1 | G57: Covered | H57: 1 | I57: SignEncryptAllChannelData
A58: 2.3.6.2 | B58: L1 | C58: (L1) Ensure 'Domain member: Digitally encrypt secure channel data (when possible)' is set to 'Enabled' | D58: Automated | E58: HKLM\SYSTEM\CurrentControlSet\Services\Netlogon\Parameters:SealSecureChannel | F58: REG_DWORD 1 | G58: Covered | H58: 1 | I58: SecureChannelWhenPossible
A59: 2.3.6.3 | B59: L1 | C59: (L1) Ensure 'Domain member: Digitally sign secure channel data (when possible)' is set to 'Enabled' | D59: Automated | E59: HKLM\SYSTEM\CurrentControlSet\Services\Netlogon\Parameters:SignSecureChannel | F59: REG_DWORD 1 | G59: Covered | H59: 1 | I59: DigitallySignChannelWhenPossible
A60: 2.3.6.4 | B60: L1 | C60: (L1) Ensure 'Domain member: Disable machine account password changes' is set to 'Disabled' | D60: Automated | E60: HKLM\SYSTEM\CurrentControlSet\Services\Netlogon\Parameters:DisablePasswordChange | F60: REG_DWORD 0 | G60: Covered | H60: 0 | I60: EnableAccountPasswordChanges
A61: 2.3.6.5 | B61: L1 | C61: (L1) Ensure 'Domain member: Maximum machine account password age' is set to '30 or fewer days, but not 0' | D61: Automated | E61: HKLM\System\CurrentControlSet\Services\Netlogon\Parameters:MaximumPasswordAge | F61: REG_DWORD 30 or less, but not 0 | G61: Covered | H61: 30 | I61: MaximumAccountPasswordAge
A62: 2.3.6.6 | B62: L1 | C62: (L1) Ensure 'Domain member: Require strong (Windows 2000 or later) session key' is set to 'Enabled' | D62: Automated | E62: HKLM\SYSTEM\CurrentControlSet\Services\Netlogon\Parameters:RequireStrongKey | F62: REG_DWORD 1 | G62: Covered | H62: 1 | I62: RequireStrongSessionKey
A63: 2.3.7.1 | B63: L1 | C63: (L1) Ensure 'Interactive logon: Do not display last user name' is set to 'Enabled' | D63: Automated | E63: HKLM\SOFTWARE\Microsoft\Windows\CurrentVersion\Policies\System:DontDisplayLastUserName | F63: REG_DWORD 1 | G63: Covered | H63: 1 | I63: DontDisplayLastSigned
A64: 2.3.7.2 | B64: L1 | C64: (L1) Ensure 'Interactive logon: Do not require CTRL+ALT+DEL' is set to 'Disabled' | D64: Automated | E64: HKLM\SOFTWARE\Microsoft\Windows\CurrentVersion\Policies\System:DisableCAD | F64: REG_DWORD 0 | G64: Covered | H64: 0 | I64: RequireCtlAltDel
A65: 2.3.7.3 | B65: L1 | C65: (L1) Ensure 'Interactive logon: Machine inactivity limit' is set to '900 or fewer second(s), but not 0' | D65: Automated | E65: HKLM\SOFTWARE\Microsoft\Windows\CurrentVersion\Policies\System:InactivityTimeoutSecs | F65: REG_DWORD 900 or less, but not 0 | G65: Covered | H65: 900 | I65: MachineInactivityLimit
A66: 2.3.7.4 | B66: L1 | C66: (L1) Configure 'Interactive logon: Message text for users attempting to log on' | D66: Automated | E66: HKLM\SOFTWARE\Microsoft\Windows\CurrentVersion\Policies\System:LegalNoticeText | F66: REG_SZ text | G66: Covered - check value | H66: / 7 | I66: LogonLegalNotice | J66: Set your own logon banner text at the top of the script ($LogonLegalNoticeMessage).
A67: 2.3.7.5 | B67: L1 | C67: (L1) Configure 'Interactive logon: Message title for users attempting to log on' | D67: Automated | E67: HKLM\SOFTWARE\Microsoft\Windows\CurrentVersion\Policies\System:LegalNoticeCaption | F67: REG_SZ text | G67: Covered - check value | H67: $($logonlegalnoticemessagetitle) | I67: LogonLegalNoticeTitle | J67: Set your own logon banner title at the top of the script ($LogonLegalNoticeMessageTitle).
A68: 2.3.7.6 | B68: L2 | C68: (L2) Ensure 'Interactive logon: Number of previous logons to cache (in case domain controller is not available)' is set to '4 or fewer logon(s)' (MS only) | D68: Automated | E68: HKLM\SOFTWARE\Microsoft\Windows NT\CurrentVersion\Winlogon:CachedLogonsCount | G68: Covered - check value | H68: 4 | I68: PreviousLogonCache | J68: CIS allows a range or organisation-specific value; script value shown - confirm it fits.
A69: 2.3.7.7 | B69: L1 | C69: (L1) Ensure 'Interactive logon: Prompt user to change password before expiration' is set to 'between 5 and 14 days' | D69: Automated | E69: HKLM\SOFTWARE\Microsoft\Windows NT\CurrentVersion\Winlogon:PasswordExpiryWarning | G69: Covered - check value | H69: 5 | I69: PromptUserPassExpiration | J69: CIS allows a range or organisation-specific value; script value shown - confirm it fits.
A70: 2.3.7.8 | B70: L1 | C70: (L1) Ensure 'Interactive logon: Require Domain Controller Authentication to unlock workstation' is set to 'Enabled' (MS only) | D70: Automated | E70: HKLM\SOFTWARE\Microsoft\Windows NT\CurrentVersion\Winlogon:ForceUnlockLogon | F70: REG_DWORD 1 | G70: Covered | H70: 1 | I70: RequireDomainControllerAuth
A71: 2.3.7.9 | B71: L1 | C71: (L1) Ensure 'Interactive logon: Smart card removal behavior' is set to 'Lock Workstation' or higher | D71: Automated | E71: HKLM\SOFTWARE\Microsoft\Windows NT\CurrentVersion\Winlogon:ScRemoveOption | F71: REG_SZ 1, 2, or 3 | G71: Covered | H71: 1 | I71: SmartCardRemovalBehaviour
A72: 2.3.8.1 | B72: L1 | C72: (L1) Ensure 'Microsoft network client: Digitally sign communications (always)' is set to 'Enabled' | D72: Automated | E72: HKLM\SYSTEM\CurrentControlSet\Services\LanmanWorkstation\Parameters:RequireSecuritySignature | F72: REG_DWORD 1 | G72: Covered | H72: 1 | I72: NetworkClientSignCommunications
A73: 2.3.8.2 | B73: L1 | C73: (L1) Ensure 'Microsoft network client: Digitally sign communications (if server agrees)' is set to 'Enabled' | D73: Automated | E73: HKLM\SYSTEM\CurrentControlSet\Services\LanmanWorkstation\Parameters:EnableSecuritySignature | F73: REG_DWORD 1 | G73: Covered | H73: 1 | I73: EnableSecuritySignature
A74: 2.3.8.3 | B74: L1 | C74: (L1) Ensure 'Microsoft network client: Send unencrypted password to third-party SMB servers' is set to 'Disabled' | D74: Automated | E74: HKLM\SYSTEM\CurrentControlSet\Services\LanmanWorkstation\Parameters:EnablePlainTextPassword | F74: REG_DWORD 0 | G74: Covered | H74: 0 | I74: DisableSmbUnencryptedPassword
A75: 2.3.9.1 | B75: L1 | C75: (L1) Ensure 'Microsoft network server: Amount of idle time required before suspending session' is set to '15 or fewer minute(s)' | D75: Automated | E75: HKLM\SYSTEM\CurrentControlSet\Services\LanManServer\Parameters:AutoDisconnect | F75: REG_DWORD 15 or less | G75: Covered | H75: 15 | I75: IdleTimeSuspendingSession
A76: 2.3.9.2 | B76: L1 | C76: (L1) Ensure 'Microsoft network server: Digitally sign communications (always)' is set to 'Enabled' | D76: Automated | E76: HKLM\SYSTEM\CurrentControlSet\Services\LanManServer\Parameters:RequireSecuritySignature | F76: REG_DWORD 1 | G76: Covered | H76: 1 | I76: NetworkServerAlwaysDigitallySign
A77: 2.3.9.3 | B77: L1 | C77: (L1) Ensure 'Microsoft network server: Digitally sign communications (if client agrees)' is set to 'Enabled' | D77: Automated | E77: HKLM\SYSTEM\CurrentControlSet\Services\LanManServer\Parameters:EnableSecuritySignature | F77: REG_DWORD 1 | G77: Covered | H77: 1 | I77: LanManSrvEnableSecuritySignature
A78: 2.3.9.4 | B78: L1 | C78: (L1) Ensure 'Microsoft network server: Disconnect clients when logon hours expire' is set to 'Enabled' | D78: Automated | E78: HKLM\SYSTEM\CurrentControlSet\Services\LanManServer\Parameters:enableforcedlogoff | F78: REG_DWORD 1 | G78: Covered | H78: 1 | I78: LanManServerEnableForcedLogOff
A79: 2.3.9.5 | B79: L1 | C79: (L1) Ensure 'Microsoft network server: Server SPN target name validation level' is set to 'Accept if provided by client' or higher (MS only) | D79: Automated | E79: HKLM\SYSTEM\CurrentControlSet\Services\LanManServer\Parameters:SMBServerNameHardeningLevel | F79: REG_DWORD 1 or 2 | G79: Covered | H79: 0 / 1 | I79: LanManServerSmbServerNameHardeningLevel
A80: 2.3.10.1 | B80: L1 | C80: (L1) Ensure 'Network access: Allow anonymous SID/Name translation' is set to 'Disabled' | D80: Automated | E80: HKLM\System\CurrentControlSet\Control\Lsa:TurnOffAnonymousBlock | F80: REG_DWORD 1 | G80: Covered | H80: 1 | I80: LSAAnonymousNameDisabled
A81: 2.3.10.2 | B81: L1 | C81: (L1) Ensure 'Network access: Do not allow anonymous enumeration of SAM accounts' is set to 'Enabled' (MS only) | D81: Automated | E81: HKLM\SYSTEM\CurrentControlSet\Control\Lsa:RestrictAnonymousSAM | F81: REG_DWORD 1 | G81: Covered | H81: 1 | I81: RestrictAnonymousSAM
... A84: 2.3.10.5 | B84: L1 | C84: (L1) Ensure 'Network access: Let Everyone permissions apply to anonymous users' is set to 'Disabled' | D84: Automated | E84: HKLM\SYSTEM\CurrentControlSet\Control\Lsa:EveryoneIncludesAnonymous | F84: REG_DWORD 0 | G84: Covered | H84: 0 | I84: EveryoneIncludesAnonymous
A85: 2.3.10.7 | B85: L1 | C85: (L1) Ensure 'Network access: Named Pipes that can be accessed anonymously' is configured (MS only) | D85: Automated | E85: HKLM\SYSTEM\CurrentControlSet\Services\LanManServer\Parameters:NullSessionPipes | F85: REG_MULTI_SZ blank (i.e | G85: Covered - check value | I85: NullSessionPipes | J85: CIS allows a range or organisation-specific value; script value shown - confirm it fits.
A86: 2.3.10.8 | B86: L1 | C86: (L1) Ensure 'Network access: Remotely accessible registry paths' is configured | D86: Automated | E86: HKLM\SYSTEM\CurrentControlSet\Control\SecurePipeServers\Winreg\ AllowedExactPaths:Machine | F86: REG_MULTI_SZ System\CurrentControlSet\Control\ProductOptions,System\CurrentControlS | G86: Covered - check value | H86: system\currentcontrolset\control\productoptions;system\currentcontrolset\control\server applications;software\microsoft\windows nt\currentversion | I86: AllowedExactPaths | J86: CIS allows a range or organisation-specific value; script value shown - confirm it fits.
A87: 2.3.10.9 | B87: L1 | C87: (L1) Ensure 'Network access: Remotely accessible registry paths and sub-paths' is configured | D87: Automated | E87: HKLM\SYSTEM\CurrentControlSet\Control\SecurePipeServers\Winreg\ AllowedPaths:Machine | F87: REG_MULTI_SZ System\CurrentControlSet\Control\Print\Printers,System\CurrentControlS | G87: Covered - check value | H87: system\currentcontrolset\control\print\printers;system\currentcontrolset\services\eventlog;software\microsoft\olap server;software\microsoft\windows nt\currentversion\print;software\microsoft\windows nt\currentversion\windows;system\currentcontrolset\control\contentindex;system\currentcontrolset\control\terminal server;system\currentcontrolset\control\terminal server\userconfig;system\currentcontrolset\control\terminal server\defaultuserconfiguration;software\microsoft\windows nt\currentversion\perflib;system\currentcontrolset\services\sysmonlog | I87: AllowedPaths | J87: CIS allows a range or organisation-specific value; script value shown - confirm it fits.
A88: 2.3.10.10 | B88: L1 | C88: (L1) Ensure 'Network access: Restrict anonymous access to Named Pipes and Shares' is set to 'Enabled' | D88: Automated | E88: HKLM\SYSTEM\CurrentControlSet\Services\LanManServer\Parameters:RestrictNullSessAccess | F88: REG_DWORD 1 | G88: Covered | H88: 1 | I88: RestrictNullSessAccess
A89: 2.3.10.11 | B89: L1 | C89: (L1) Ensure 'Network access: Restrict clients allowed to make remote calls to SAM' is set to 'Administrators: Remote Access: Allow' (MS only) | D89: Automated | E89: HKLM\SYSTEM\CurrentControlSet\Control\Lsa:restrictremotesam | F89: REG_SZ O:BAG:BAD:(A;;RC;;;BA) | G89: Covered - check value | H89: o:bag:bad:(a;;rc;;;ba) | I89: RestrictRemoteSAM | J89: CIS allows a range or organisation-specific value; script value shown - confirm it fits.
A90: 2.3.10.12 | B90: L1 | C90: (L1) Ensure 'Network access: Shares that can be accessed anonymously' is set to 'None' | D90: Automated | E90: HKLM\SYSTEM\CurrentControlSet\Services\LanManServer\Parameters:NullSessionShares | G90: Covered - check value | I90: NullSessionShares | J90: CIS allows a range or organisation-specific value; script value shown - confirm it fits.
A91: 2.3.10.13 | B91: L1 | C91: (L1) Ensure 'Network access: Sharing and security model for local accounts' is set to 'Classic - local users authenticate as themselves' | D91: Automated | E91: HKLM\SYSTEM\CurrentControlSet\Control\Lsa:ForceGuest | F91: REG_DWORD 0 | G91: Covered | H91: 0 | I91: LsaForceGuest
A92: 2.3.11.1 | B92: L1 | C92: (L1) Ensure 'Network security: Allow Local System to use computer identity for NTLM' is set to 'Enabled' | D92: Automated | E92: HKLM\SYSTEM\CurrentControlSet\Control\Lsa:UseMachineId | F92: REG_DWORD 1 | G92: Covered | H92: 1 | I92: LsaUseMachineId
A93: 2.3.11.2 | B93: L1 | C93: (L1) Ensure 'Network security: Allow LocalSystem NULL session fallback' is set to 'Disabled' | D93: Automated | E93: HKLM\SYSTEM\CurrentControlSet\Control\Lsa\MSV1_0:AllowNullSessionFallback | F93: REG_DWORD 0 | G93: Covered | H93: 0 | I93: AllowNullSessionFallback
A94: 2.3.11.3 | B94: L1 | C94: (L1) Ensure 'Network Security: Allow PKU2U authentication requests to this computer to use online identities' is set to 'Disabled' | D94: Automated | E94: HKLM\SYSTEM\CurrentControlSet\Control\Lsa\pku2u:AllowOnlineID | F94: REG_DWORD 0 | G94: Covered | H94: 0 | I94: AllowOnlineID
A95: 2.3.11.4 | B95: L1 | C95: (L1) Ensure 'Network security: Configure encryption types allowed for Kerberos' is set to 'AES128_HMAC_SHA1, AES256_HMAC_SHA1, Future encryption types' | D95: Automated | E95: HKLM\SOFTWARE\Microsoft\Windows\CurrentVersion\Policies\System\ Kerberos\Parameters:SupportedEncryptionTypes | F95: REG_DWORD 2147483640 | G95: Covered | H95: 2147483640 | I95: SupportedEncryptionTypes
A96: 2.3.11.5 | B96: L1 | C96: (L1) Ensure 'Network security: Do not store LAN Manager hash value on next password change' is set to 'Enabled' | D96: Automated | E96: HKLM\SYSTEM\CurrentControlSet\Control\Lsa:NoLMHash | F96: REG_DWORD 1 | G96: Covered | H96: 1 | I96: NoLMHash
A97: 2.3.11.6 | B97: L1 | C97: (L1) Ensure 'Network security: Force logoff when logon hours expire' is set to 'Enabled' | D97: Manual | G97: Covered | H97: 2.3.11.6 Ensure 'Network security: Force logoff when logon hours expire' is set to 'Enabled' | I97: ForceLogoff
A98: 2.3.11.7 | B98: L1 | C98: (L1) Ensure 'Network security: LAN Manager authentication level' is set to 'Send NTLMv2 response only. Refuse LM & NTLM' | D98: Automated | E98: HKLM\SYSTEM\CurrentControlSet\Control\Lsa:LmCompatibilityLevel | F98: REG_DWORD 5 | G98: Covered | H98: 5 | I98: LmCompatibilityLevel
A99: 2.3.11.8 | B99: L1 | C99: (L1) Ensure 'Network security: LDAP client signing requirements' is set to 'Negotiate signing' or higher | D99: Automated | E99: HKLM\SYSTEM\CurrentControlSet\Services\LDAP:LDAPClientIntegrity | F99: REG_DWORD 1 or 2 | G99: Covered | H99: 1 | I99: LDAPClientIntegrity
A100: 2.3.11.9 | B100: L1 | C100: (L1) Ensure 'Network security: Minimum session security for NTLM SSP based (including secure RPC) clients' is set to 'Require NTLMv2 session security, Require 128-bit encryption' | D100: Automated | E100: HKLM\SYSTEM\CurrentControlSet\Control\Lsa\MSV1_0:NTLMMinClientSec | F100: REG_DWORD 537395200 | G100: Covered | H100: 537395200 | I100: NTLMMinClientSec
A101: 2.3.11.10 | B101: L1 | C101: (L1) Ensure 'Network security: Minimum session security for NTLM SSP based (including secure RPC) servers' is set to 'Require NTLMv2 session security, Require 128-bit encryption' | D101: Automated | E101: HKLM\SYSTEM\CurrentControlSet\Control\Lsa\MSV1_0:NTLMMinServerSec | F101: REG_DWORD 537395200 | G101: Covered | H101: 537395200 | I101: NTLMMinServerSec
A102: 2.3.11.11 | B102: L1 | C102: (L1) Ensure 'Network security: Restrict NTLM: Audit Incoming NTLM Traffic' is set to 'Enable auditing for all accounts' | D102: Automated | E102: HKLM\SYSTEM\CurrentControlSet\Control\Lsa\MSV1_0:AuditReceivingNTLMTraffic | F102: REG_DWORD 2 | G102: Covered | H102: 2 | I102: NTLMEnableIncomingAuditingForAllAccounts
A103: 2.3.11.13 | B103: L1 | C103: (L1) Ensure 'Network security: Restrict NTLM: Outgoing NTLM traffic to remote servers' is set to 'Audit all' or higher | D103: Automated | E103: HKLM\SYSTEM\CurrentControlSet\Control\Lsa\MSV1_0:RestrictSendingNTLMTraffic | F103: REG_DWORD 1 or 2 | G103: Covered | H103: 1 | I103: NTLMEnableOutgoingAuditingForAllAccounts
A104: 2.3.13.1 | B104: L1 | C104: (L1) Ensure 'Shutdown: Allow system to be shut down without having to log on' is set to 'Disabled' | D104: Automated | E104: HKLM\SOFTWARE\Microsoft\Windows\CurrentVersion\Policies\System:ShutdownWithoutLogon | F104: REG_DWORD 0 | G104: Covered | H104: 0 | I104: ShutdownWithoutLogon
A105: 2.3.15.1 | B105: L1 | C105: (L1) Ensure 'System objects: Require case insensitivity for non-Windows subsystems' is set to 'Enabled' | D105: Automated | E105: HKLM\SYSTEM\CurrentControlSet\Control\Session Manager\Kernel:ObCaseInsensitive | F105: REG_DWORD 1 | G105: Covered | H105: 1 | I105: ObCaseInsensitive
A106: 2.3.15.2 | B106: L1 | C106: (L1) Ensure 'System objects: Strengthen default permissions of internal system objects (e.g. Symbolic Links)' is set to 'Enabled' | D106: Automated | E106: HKLM\SYSTEM\CurrentControlSet\Control\Session Manager:ProtectionMode | F106: REG_DWORD 1 | G106: Covered | H106: 1 | I106: SessionManagerProtectionMode
A107: 2.3.17.1 | B107: L1 | C107: (L1) Ensure 'User Account Control: Admin Approval Mode for the Built-in Administrator account' is set to 'Enabled' | D107: Automated | E107: HKLM\SOFTWARE\Microsoft\Windows\CurrentVersion\Policies\System:FilterAdministratorToken | F107: REG_DWORD 1 | G107: Covered | H107: 1 | I107: FilterAdministratorToken
A108: 2.3.17.2 | B108: L1 | C108: (L1) Ensure 'User Account Control: Behavior of the elevation prompt for administrators in Admin Approval Mode' is set to 'Prompt for consent on the secure desktop' or higher | D108: Automated | E108: HKLM\SOFTWARE\Microsoft\Windows\CurrentVersion\Policies\System:ConsentPromptBehaviorAdmin | F108: REG_DWORD 1 or2 | G108: Covered | H108: 2 | I108: ConsentPromptBehaviorAdmin
A109: 2.3.17.3 | B109: L1 | C109: (L1) Ensure 'User Account Control: Behavior of the elevation prompt for standard users' is set to 'Automatically deny elevation requests' | D109: Automated | E109: HKLM\SOFTWARE\Microsoft\Windows\CurrentVersion\Policies\System:ConsentPromptBehaviorUser | F109: REG_DWORD 0 | G109: Covered | H109: 0 | I109: ConsentPromptBehaviorUser
... A118: 9.1.3 | B118: L1 | C118: (L1) Ensure 'Windows Firewall: Domain: Settings: Display a notification' is set to 'No' | D118: Automated | E118: HKLM\SOFTWARE\Policies\Microsoft\WindowsFirewall\DomainProfile:DisableNotifications | F118: REG_DWORD 1 | G118: Covered | H118: 1 | I118: DomainDisableNotifications
A119: 9.1.4 | B119: L1 | C119: (L1) Ensure 'Windows Firewall: Domain: Logging: Name' is set to '%SystemRoot%\System32\logfiles\firewall\domainfw.log' | D119: Automated | E119: HKLM\SOFTWARE\Policies\Microsoft\WindowsFirewall\DomainProfile\ Logging:LogFilePath | F119: REG_SZ %SystemRoot%\System32\logfiles\firewall\domainfw.log | G119: Covered - check value | H119: %systemroot%\system32\logfiles\firewall\domainfw.log | I119: DomainLogFilePath | J119: CIS allows a range or organisation-specific value; script value shown - confirm it fits.
A120: 9.1.5 | B120: L1 | C120: (L1) Ensure 'Windows Firewall: Domain: Logging: Size limit (KB)' is set to '16,384 KB or greater' | D120: Automated | E120: HKLM\SOFTWARE\Policies\Microsoft\WindowsFirewall\DomainProfile\ Logging:LogFileSize | F120: REG_DWORD 16384 | G120: Covered | H120: 32767 | I120: DomainLogFileSize
A121: 9.1.6 | B121: L1 | C121: (L1) Ensure 'Windows Firewall: Domain: Logging: Log dropped packets' is set to 'Yes' | D121: Automated | E121: HKLM\SOFTWARE\Policies\Microsoft\WindowsFirewall\DomainProfile\Logging:LogDroppedPackets | F121: REG_DWORD 1 | G121: Covered | H121: 1 | I121: DomainLogDroppedPackets
A122: 9.1.7 | B122: L1 | C122: (L1) Ensure 'Windows Firewall: Domain: Logging: Log successful connections' is set to 'Yes' | D122: Automated | E122: HKLM\SOFTWARE\Policies\Microsoft\WindowsFirewall\DomainProfile\Logging:LogSuccessfulConnections | F122: REG_DWORD 1 | G122: Covered | H122: 1 | I122: DomainLogSuccessfulConnections
A123: 9.2.1 | B123: L1 | C123: (L1) Ensure 'Windows Firewall: Private: Firewall state' is set to 'On (recommended)' | D123: Automated | E123: HKLM\SOFTWARE\Policies\Microsoft\WindowsFirewall\PrivateProfile:EnableFirewall | F123: REG_DWORD 1 | G123: Covered | H123: 1 | I123: PrivateEnableFirewall
A124: 9.2.2 | B124: L1 | C124: (L1) Ensure 'Windows Firewall: Private: Inbound connections' is set to 'Block (default)' | D124: Automated | E124: HKLM\SOFTWARE\Policies\Microsoft\WindowsFirewall\PrivateProfile:DefaultInboundAction | F124: REG_DWORD 1 | G124: Covered | H124: 1 | I124: PrivateDefaultInboundAction
A125: 9.2.3 | B125: L1 | C125: (L1) Ensure 'Windows Firewall: Private: Settings: Display a notification' is set to 'No' | D125: Automated | E125: HKLM\SOFTWARE\Policies\Microsoft\WindowsFirewall\PrivateProfile:DisableNotifications | F125: REG_DWORD 1 | G125: Covered | H125: 1 | I125: PrivateDisableNotifications
A126: 9.2.4 | B126: L1 | C126: (L1) Ensure 'Windows Firewall: Private: Logging: Name' is set to '%SystemRoot%\System32\logfiles\firewall\privatefw.log' | D126: Automated | E126: HKLM\SOFTWARE\Policies\Microsoft\WindowsFirewall\PrivateProfile \Logging:LogFilePath | F126: REG_SZ %SystemRoot%\System32\logfiles\firewall\privatefw.log | G126: Covered - check value | H126: %systemroot%\system32\logfiles\firewall\privatefw.log | I126: PrivateLogFilePath | J126: CIS allows a range or organisation-specific value; script value shown - confirm it fits.
A127: 9.2.5 | B127: L1 | C127: (L1) Ensure 'Windows Firewall: Private: Logging: Size limit (KB)' is set to '16,384 KB or greater' | D127: Automated | E127: HKLM\SOFTWARE\Policies\Microsoft\WindowsFirewall\PrivateProfile \Logging:LogFileSize | F127: REG_DWORD 16384 | G127: Covered | H127: 32767 | I127: PrivateLogFileSize
A128: 9.2.6 | B128: L1 | C128: (L1) Ensure 'Windows Firewall: Private: Logging: Log dropped packets' is set to 'Yes' | D128: Automated | E128: HKLM\SOFTWARE\Policies\Microsoft\WindowsFirewall\PrivateProfile\Logging:LogDroppedPackets | F128: REG_DWORD 1 | G128: Covered | H128: 1 | I128: PrivateLogDroppedPackets
A129: 9.2.7 | B129: L1 | C129: (L1) Ensure 'Windows Firewall: Private: Logging: Log successful connections' is set to 'Yes' | D129: Automated | E129: HKLM\SOFTWARE\Policies\Microsoft\WindowsFirewall\PrivateProfile\Logging:LogSuccessfulConnections | F129: REG_DWORD 1 | G129: Covered | H129: 1 | I129: PrivateLogSuccessfulConnections
A130: 9.3.1 | B130: L1 | C130: (L1) Ensure 'Windows Firewall: Public: Firewall state' is set to 'On (recommended)' | D130: Automated | E130: HKLM\SOFTWARE\Policies\Microsoft\WindowsFirewall\PublicProfile:EnableFirewall | F130: REG_DWORD 1 | G130: Covered | H130: 1 | I130: PublicEnableFirewall
...

Sheet Settings added
A1: CIS ID | B1: Level | C1: Recommendation | D1: Registry | E1: Value | F1: Servers | G1: Switch (off = not applied) | H1: Risk / note
A2: 18.6.4.1 | B2: L1 | C2: Ensure 'Configure multicast DNS (mDNS) protocol' is set to 'Disabled' | D2: HKLM:\SOFTWARE\Policies\Microsoft\Windows NT\DNSClient\EnableMDNS | E2: 0 | F2: 2022, 2019, 2016 | G2: always applied
A3: 18.6.4.3 | B3: L2 | C3: Ensure 'Turn off default IPv6 DNS Servers' is set to 'Enabled' | D3: HKLM:\SOFTWARE\Policies\Microsoft\Windows NT\DNSClient\DisableIPv6DefaultDnsServers | E3: 1 | F3: 2022, 2019, 2016 | G3: always applied
A4: 18.6.7.1 | B4: L1 | C4: Ensure 'Mandate the minimum version of SMB' is set to 'Enabled: 3.1.1' | D4: HKLM:\SOFTWARE\Policies\Microsoft\Windows\LanmanServer\MinSmb2Dialect | E4: 785 | F4: 2022 | G4: $EnableSMB311Minimum (default $false) | H4: RISK: clients older than Windows 10 / Server 2016 (and many NAS/scanners) can no longer connect to shares on this server.
A5: 18.6.8.2 | B5: L1 | C5: Ensure 'Require Encryption' is set to 'Enabled' | D5: HKLM:\SOFTWARE\Policies\Microsoft\Windows\LanmanWorkstation\RequireEncryption | E5: 1 | F5: 2022 | G5: $RequireSMBClientEncryption (default $false) | H5: RISK: this server can no longer open shares on devices that do not support SMB encryption (older NAS, Linux Samba without encryption, printers).
A6: 18.9.17.1 | B6: L1 | C6: Ensure 'Enable / disable CLFS logfile authentication' is set to 'Enabled' | D6: HKLM:\SYSTEM\CurrentControlSet\Policies\ClfsAuthenticationChecking | E6: 1 | F6: 2022, 2019 | G6: always applied
A7: 18.10.18.4 | B7: L1 | C7: Ensure 'Enable App Installer Local Archive Malware Scan Override' is set to 'Disabled' | D7: HKLM:\SOFTWARE\Policies\Microsoft\Windows\AppInstaller\EnableLocalArchiveMalwareScanOverride | E7: 0 | F7: 2022, 2019 | G7: always applied
A8: 18.10.18.5 | B8: L1 | C8: Ensure 'Enable App Installer Microsoft Store Source Certificate Validation Bypass' is set to 'Disabled' | D8: HKLM:\SOFTWARE\Policies\Microsoft\Windows\AppInstaller\EnableBypassCertificatePinningForMicrosoftStore | E8: 0 | F8: 2022, 2019 | G8: always applied
A9: 18.10.18.7 | B9: L2 | C9: Ensure 'Enable Windows Package Manager command line interfaces' is set to 'Disabled' | D9: HKLM:\SOFTWARE\Policies\Microsoft\Windows\AppInstaller\EnableWindowsPackageManagerCommandLineInterfaces | E9: 0 | F9: 2022, 2019 | G9: always applied | H9: Blocks the winget command line (L2).
A10: 18.10.29.2 | B10: L1 | C10: Ensure 'Do not apply the Mark of the Web tag to files copied from insecure sources' is set to 'Disabled' | D10: HKLM:\SOFTWARE\Policies\Microsoft\Windows\Explorer\DisableMotWOnInsecurePathCopy | E10: 0 | F10: 2022, 2019, 2016 | G10: always applied
A11: 18.10.58.2 | B11: L1 | C11: Ensure 'Turn on Basic feed authentication over HTTP' is set to 'Disabled' | D11: HKLM:\Software\Policies\Microsoft\Internet Explorer\Feeds\AllowBasicAuthInClear | E11: 0 | F11: 2022, 2019, 2016 | G11: always applied
A12: 18.11.1 | B12: L1 | C12: Ensure 'Disable HTTP proxy features: Disable WPAD' is set to 'Enabled: Checked' | D12: HKLM:\SOFTWARE\Microsoft\Windows\CurrentVersion\Internet Settings\WinHttp\DisableWpad | E12: 1 | F12: 2022, 2019 | G12: $DisableWPADProxyDiscovery (default $true) | H12: RISK: servers that find their proxy automatically via WPAD (DHCP/DNS "wpad") lose automatic proxy discovery.
A13: 18.11.2 | B13: L1 | C13: Ensure 'Disable HTTP proxy features: Disable proxy authentication' is set to 'Enabled: Disable authentication over loopback interfaces' or higher | D13: HKLM:\SOFTWARE\Microsoft\Windows\CurrentVersion\Internet Settings\DisableProxyAuthenticationSchemes | E13: 256 | F13: 2022 | G13: always applied
A14: 18.10.43.4.1 | B14: L1 | C14: Ensure 'Enable EDR in block mode' is set to 'Enabled' | D14: HKLM:\SOFTWARE\Policies\Microsoft\Windows Defender\Features\PassiveRemediation | E14: 1 | F14: 2016 | G14: always applied | H14: Takes effect with Microsoft Defender for Endpoint.
A15: 18.10.43.8.1 | B15: L2 | C15: Ensure 'Convert warn verdict to block' is set to 'Enabled' | D15: HKLM:\SOFTWARE\Policies\Microsoft\Windows Defender\NIS\EnableConvertWarnToBlock | E15: 1 | F15: 2016 | G15: always applied
A16: 18.10.43.10.1 | B16: L1 | C16: Ensure 'Configure real-time protection and Security Intelligence Updates during OOBE' is set to 'Enabled' | D16: HKLM:\SOFTWARE\Policies\Microsoft\Windows Defender\Real-Time Protection\OobeEnableRtpAndSigUpdate | E16: 1 | F16: 2016 | G16: always applied
A17: 18.10.43.11.1.1.1 | B17: L2 | C17: Ensure 'Configure Brute-Force Protection aggressiveness' is set to 'Enabled: Medium' or higher | D17: HKLM:\SOFTWARE\Policies\Microsoft\Windows Defender\Remediation\Behavioral Network Blocks\Brute Force Protection\BruteForceProtectionAggressiveness | E17: 1 | F17: 2016 | G17: always applied | H17: 1 = Medium
A18: 18.10.43.11.1.1.2 | B18: L1 | C18: Ensure 'Configure Remote Encryption Protection Mode' is set to 'Enabled: Audit' or higher | D18: HKLM:\SOFTWARE\Policies\Microsoft\Windows Defender\Remediation\Behavioral Network Blocks\Brute Force Protection\BruteForceProtectionConfiguredState | E18: 2 | F18: 2016 | G18: always applied | H18: 2 = Audit (CIS minimum). Use 1 = Block for stronger protection once tested.
A19: 18.10.43.11.1.2.1 | B19: L2 | C19: Ensure 'Configure how aggressively Remote Encryption Protection blocks threats' is set to 'Enabled: Medium' or higher | D19: HKLM:\SOFTWARE\Policies\Microsoft\Windows Defender\Remediation\Behavioral Network Blocks\Remote Encryption Protection\RemoteEncryptionProtectionAggressiveness | E19: 1 | F19: 2016 | G19: always applied | H19: 1 = Medium
A20: 18.10.43.13.1 | B20: L1 | C20: Ensure 'Scan excluded files and directories during quick scans' is set to 'Enabled: 1' | D20: HKLM:\SOFTWARE\Policies\Microsoft\Windows Defender\Scan\QuickScanIncludeExclusions | E20: 1 | F20: 2016 | G20: always applied
A21: 18.10.43.13.4 | B21: L1 | C21: Ensure 'Trigger a quick scan after X days without any scans' is set to 'Enabled: 7' | D21: HKLM:\SOFTWARE\Policies\Microsoft\Windows Defender\Scan\DaysUntilAggressiveCatchupQuickScan | E21: 7 | F21: 2016 | G21: always applied
A22: 18.10.43.17 | B22: L1 | C22: Ensure 'Control whether exclusions are visible to local users' is set to 'Enabled' | D22: HKLM:\SOFTWARE\Policies\Microsoft\Windows Defender\HideExclusionsFromLocalUsers | E22: 1 | F22: 2016 | G22: always applied
A24: Corrections to existing script settings
A25: • 17.8.1 Audit Sensitive Privilege Use: now Success only (2022 v5.1 and 2019 v5.0 changed from Success and Failure).
A26: • 18.6.21.1 Minimize simultaneous connections: 1 on Server 2016 (v4 value); 2019/2022 keep 3.
A27: • 2.2.34 Increase scheduling priority: Administrators only on Server 2016 (v4 value).
A28: • 2.2.33 Impersonate a client: title typo fixed (value was already correct).
A29: • Earlier fixes still included: 17.5.6 Special Logon bug, NetBIOS value 2, 2.2.29 delegation = No One, LAPS (optional).
